coin,network,address,balance,Height,custodian
1INCH,BSC,https://bscscan.com/address/0x0e4158c85ff724526233c1aeb4ff6f0c46827fbe,15384.46000000,37463959,Ceffu
1INCH,BSC,https://bscscan.com/address/0x8894e0a0c962cb723c1976a4421c95949be2d4e3,72970.23400000,37463959,
1INCH,BSC,https://bscscan.com/address/0xe2fc31f816a9b94326492132018c3aecc4a93ae1,1.04000000,37463959,
1INCH,ETH,https://etherscan.io/address/0x21a31ee1afc51d94c2efccaa2092ad1028285549,1995625.84300000,19557288,
1INCH,ETH,https://etherscan.io/address/0x28c6c06298d514db089934071355e5743bf21d60,11843795.31000000,19557288,
1INCH,ETH,https://etherscan.io/address/0xbe0eb53f46cd790cd13851d5eff43d12404d33e8,10000000.00000000,19557288,
1INCH,ETH,https://etherscan.io/address/0xdfd5293d8e347dfe59e90efd55b2956a1343963d,2077703.04500000,19557288,
1INCH,ETH,https://etherscan.io/address/0xf977814e90da44bfa03b6295a0616a897441acec,111946042.90000000,19557288,
APT,APT,https://tracemove.io/account/0x5bd7de5c56d5691f32ea86c973c73fec7b1445e59736c97158020018c080bb00,215946.67300000,163895405,
APT,APT,https://tracemove.io/account/0x80174e0fe8cb2d32b038c6c888dd95c3e1560736f0d4a6e8bed6ae43b5c91f6f,192794.86000000,163895405,
APT,APT,https://tracemove.io/account/0xae1a6f3d3daccaf77b55044cea133379934bba04a11b9d0bbd643eae5e6e9c70,3251315.98500000,163895405,
APT,APT,https://tracemove.io/account/0xd91c64b777e51395c6ea9dec562ed79a4afa0cd6dad5a87b187c37198a1f855a,311587.77800000,163895405,
APT,APT,https://tracemove.io/account/0xed8c46bec9dbc2b23c60568f822b95b87ea395f7e3fdb5e3adc0a30c55c0a60e,27351836.74000000,163895405,
ARB,ARBITRUM,https://arbiscan.io/address/0x5a52e96bacdabb82fd05763e25335261b270efcb,38585975.24000000,196288428,
ARB,ARBITRUM,https://arbiscan.io/address/0x835678a611b28684005a5e2233695fb6cbbb0007,10707039.00000000,196288428,
ARB,ARBITRUM,https://arbiscan.io/address/0xa7c0d36c4698981fab42a7d8c783674c6fe2592d,18.07400000,196288428,
ARB,ARBITRUM,https://arbiscan.io/address/0xb38e8c17e38363af6ebdcb3dae12e0243582891d,86447069.79000000,196288428,
ARB,ARBITRUM,https://arbiscan.io/address/0xf977814e90da44bfa03b6295a0616a897441acec,325362974.50000000,196288428,
ARB,ETH,https://etherscan.io/address/0x28c6c06298d514db089934071355e5743bf21d60,185665.86900000,19557288,
BNB,BNB,https://explorer.bnbchain.org/address/bnb142q467df6jun6rt5u2ar58sp47hm5f9wvz2cvg,17185720.59000000,372815436,
BNB,BNB,https://explorer.bnbchain.org/address/bnb1fnd0k5l4p3ck2j9x9dp36chk059w977pszdgdz,15140.03000000,372815436,
BNB,BNB,https://explorer.bnbchain.org/address/bnb1lsmt5a8vqqus5fwslx8pyyemgjtg4y6ugj308t,21000.21300000,372815436,
BNB,BNB,https://explorer.bnbchain.org/address/bnb1m5amny2gs3xdyta6pksmr43zu4727w24syyks7,2789.47700000,372815436,
BNB,BNB,https://explorer.bnbchain.org/address/bnb1u2agwjat20494fmc6jnuau0ls937cfjn4pjwtn,10911341.39000000,372815436,
BNB,BNB,https://explorer.bnbchain.org/address/bnb1xrfwzlu9c5208lhtn7ywt0mjrhjh4nt4fjyqxy,2098.29000000,372815436,
BNB,BSC,https://bscscan.com/address/0x01c952174c24e1210d26961d456a77a39e1f0bb0,29261.37600000,37463959,
BNB,BSC,https://bscscan.com/address/0x0e4158c85ff724526233c1aeb4ff6f0c46827fbe,25114.24600000,37463959,Ceffu
BNB,BSC,https://bscscan.com/address/0x161ba15a5f335c9f06bb5bbb0a9ce14076fbb645,29660.59100000,37463959,
BNB,BSC,https://bscscan.com/address/0x1fbe2acee135d991592f167ac371f3dd893a508b,19126.21100000,37463959,
BNB,BSC,https://bscscan.com/address/0x29bdfbf7d27462a2d115748ace2bd71a2646946c,26133.40600000,37463959,
BNB,BSC,https://bscscan.com/address/0x3c783c21a0383057d128bae431894a5c19f9cf06,22769.77600000,37463959,
BNB,BSC,https://bscscan.com/address/0x515b72ed8a97f42c568d6a143232775018f133c8,33427.68000000,37463959,
BNB,BSC,https://bscscan.com/address/0x5a52e96bacdabb82fd05763e25335261b270efcb,12942.97500000,37463959,
BNB,BSC,https://bscscan.com/address/0x73f5ebe90f27b46ea12e5795d16c4b408b19cc6f,30160.55800000,37463959,
BNB,BSC,https://bscscan.com/address/0x835678a611b28684005a5e2233695fb6cbbb0007,2001720.19400000,37463959,
BNB,BSC,https://bscscan.com/address/0x8894e0a0c962cb723c1976a4421c95949be2d4e3,808677.40900000,37463959,
BNB,BSC,https://bscscan.com/address/0xa180fe01b906a1be37be6c534a3300785b20d947,34071.72800000,37463959,
BNB,BSC,https://bscscan.com/address/0xa7c0d36c4698981fab42a7d8c783674c6fe2592d,230754.09300000,37463959,
BNB,BSC,https://bscscan.com/address/0xbd612a3f30dca67bf60a39fd0d35e39b7ab80774,34044.09000000,37463959,
BNB,BSC,https://bscscan.com/address/0xbe0eb53f46cd790cd13851d5eff43d12404d33e8,10010.06000000,37463959,
BNB,BSC,https://bscscan.com/address/0xd3a22590f8243f8e83ac230d1842c9af0404c4a1,5257.99500000,37463959,Ceffu
BNB,BSC,https://bscscan.com/address/0xdccf3b77da55107280bd850ea519df3705d1a75a,23173.97600000,37463959,
BNB,BSC,https://bscscan.com/address/0xe2fc31f816a9b94326492132018c3aecc4a93ae1,29750.75200000,37463959,
BNB,BSC,https://bscscan.com/address/0xeb2d2f1b8c558a40207669291fda468e50c8a0bb,34262.44200000,37463959,
BNB,BSC,https://bscscan.com/address/0xf977814e90da44bfa03b6295a0616a897441acec,10153429.01000000,37463959,
BNB,ETH,https://etherscan.io/address/0x28c6c06298d514db089934071355e5743bf21d60,19610.65400000,19557288,
BNB,ETH,https://etherscan.io/address/0xf977814e90da44bfa03b6295a0616a897441acec,52177.55100000,19557288,
BNB,OPBNB,https://opbnbscan.com/address/0x001ceb373c83ae75b9f5cf78fc2aba3e185d09e2,12476.11300000,20175877,
BNB,OPBNB,https://opbnbscan.com/address/0xf977814e90da44bfa03b6295a0616a897441acec,8166.13800000,20175877,
BTC,BNB,https://explorer.bnbchain.org/address/bnb17jky4rwhu9rzgrx7exrfc3pcd5z290ga8qfm0j,514.00000000,372815436,
BTC,BNB,https://explorer.bnbchain.org/address/bnb1fnd0k5l4p3ck2j9x9dp36chk059w977pszdgdz,33.61200000,372815436,
BTC,BNB,https://explorer.bnbchain.org/address/bnb1lsmt5a8vqqus5fwslx8pyyemgjtg4y6ugj308t,2436.64000000,372815436,
BTC,BNB,https://explorer.bnbchain.org/address/bnb1u2agwjat20494fmc6jnuau0ls937cfjn4pjwtn,5704.37000000,372815436,
BTC,BSC,https://bscscan.com/address/0x0e4158c85ff724526233c1aeb4ff6f0c46827fbe,107.57300000,37463959,Ceffu
BTC,BSC,https://bscscan.com/address/0x5a52e96bacdabb82fd05763e25335261b270efcb,0,37463959,
BTC,BSC,https://bscscan.com/address/0x8894e0a0c962cb723c1976a4421c95949be2d4e3,3208.02300000,37463959,
BTC,BSC,https://bscscan.com/address/0xd3a22590f8243f8e83ac230d1842c9af0404c4a1,2675.57200000,37463959,Ceffu
BTC,BSC,https://bscscan.com/address/0xe2fc31f816a9b94326492132018c3aecc4a93ae1,1812.26500000,37463959,
BTC,BSC,https://bscscan.com/address/0xf977814e90da44bfa03b6295a0616a897441acec,10000.00000000,37463959,
BTC,BTC,https://explorer.btc.com/btc/search/1PJiGp2yDLvUgqeBsuZVCBADArNsk6XEiw,11602.00900000,837164,
BTC,BTC,https://explorer.btc.com/btc/search/1Pzaqw98PeRfyHypfqyEgg5yycJRsENrE7,29358.88400000,837164,
BTC,BTC,https://explorer.btc.com/btc/search/32bhzEniykYRFADVaRM5PYswsjC23cxtes,1959.00000000,837164,
BTC,BTC,https://explorer.btc.com/btc/search/34GUzCVLbdkMQ2UdVTaA4nxPwoovVS7y2J,1181.00000000,837164,
BTC,BTC,https://explorer.btc.com/btc/search/34HpHYiyQwg69gFmCq2BGHjF1DZnZnBeBP,16306.62900000,837164,
BTC,BTC,https://explorer.btc.com/btc/search/34xp4vRoCGJym3xR7yCVPFHoCNxv4Twseo,248597.47100000,837164,
BTC,BTC,https://explorer.btc.com/btc/search/36zSLdRv1jyewjaC12fqK5fptn7PqewunL,0,837164,
BTC,BTC,https://explorer.btc.com/btc/search/38DN2uFMZPiHLHJigfv4kWC9JWJrNnhLcn,0,837164,
BTC,BTC,https://explorer.btc.com/btc/search/38Xnrq8MZiKmYmwobbYdZQ5nnCbX1qvQfE,0,837164,
BTC,BTC,https://explorer.btc.com/btc/search/395vnFScKQ1ay695C6v7gf89UzoFpx3WuJ,1758.53000000,837164,
BTC,BTC,https://explorer.btc.com/btc/search/39884E3j6KZj82FK4vcCrkUvWYL5MQaS3v,0,837164,
BTC,BTC,https://explorer.btc.com/btc/search/3AQ8bAh88TQU7JV1H3ovXrwsuV6s3zYZuN,2669.22600000,837164,
BTC,BTC,https://explorer.btc.com/btc/search/3AeUiDpPPUrUBS377584sFCpx8KLfpX9Ry,467.51300000,837164,
BTC,BTC,https://explorer.btc.com/btc/search/3CySuFKbBS29M7rE5iJakZRNqb3msMeFoN,2776.92700000,837164,
BTC,BTC,https://explorer.btc.com/btc/search/3E97AjYaCq9QYnfFMtBCYiCEsN956Rvpj2,75177.38800000,837164,
BTC,BTC,https://explorer.btc.com/btc/search/3FHNBLobJnbCTFTVakh5TXmEneyf5PT61B,31275.35200000,837164,
BTC,BTC,https://explorer.btc.com/btc/search/3HdGoUTbcztBnS7UzY4vSPYhwr424CiWAA,1999.91700000,837164,
BTC,BTC,https://explorer.btc.com/btc/search/3JFJPpH8Chwo7CDbyYQ4XcfgcjEP1FGRMJ,193.94800000,837164,
BTC,BTC,https://explorer.btc.com/btc/search/3JJmF63ifcamPLiAmLgG96RA599yNtY3EQ,0,837164,
BTC,BTC,https://explorer.btc.com/btc/search/3JqPhvKkAPcFB3oLELBT7z2tQdjpnxuDi9,444.00000000,837164,
BTC,BTC,https://explorer.btc.com/btc/search/3Jy7A2rThtU9xm4o8gR3a9pvQuxXnRNuNF,314.80400000,837164,
BTC,BTC,https://explorer.btc.com/btc/search/3LQUu4v9z6KNch71j7kbj8GPeAGUo1FW6a,37926.97800000,837164,
BTC,BTC,https://explorer.btc.com/btc/search/3LcgLHzTvjLKBixBvkKGiadtiw2GBSKKqH,1999.79800000,837164,
BTC,BTC,https://explorer.btc.com/btc/search/3LtrsjtyLsHoG8WQMe2RFw3de4pLTQZNcY,41.05200000,837164,
BTC,BTC,https://explorer.btc.com/btc/search/3M219KR5vEneNb47ewrPfWyb5jQ2DjxRP6,61648.35500000,837164,
BTC,BTC,https://explorer.btc.com/btc/search/3Me9QACjioepv2L2oKTC9QQ87NH6vFe1Zj,192.52100000,837164,
BTC,BTC,https://explorer.btc.com/btc/search/3NPL82eaehTFh4r3StpHqVQBTnZJFaGsyy,1021.89100000,837164,
BTC,BTC,https://explorer.btc.com/btc/search/3NXCvmLGz9SxYi6TnjbBQfQMcwiZ1iQETa,541.06200000,837164,
BTC,BTC,https://explorer.btc.com/btc/search/3NjHh71XgjikBoTNYdWgXiNeZcLaKNThgb,888.73500000,837164,
BTC,BTC,https://explorer.btc.com/btc/search/3Qxak1CZhLyZ7GVckKphLURdLBCjMfz9bA,0,837164,
BTC,BTC,https://explorer.btc.com/btc/search/bc1q32lyrhp9zpww22phqjwwmelta0c8a5q990ghs6,4818.21400000,837164,Ceffu
BTC,BTC,https://explorer.btc.com/btc/search/bc1q78ufzeu8w8fwvxuphrdlg446xhyptf28fkatu5,315.89200000,837164,Ceffu
BTC,BTC,https://explorer.btc.com/btc/search/bc1q7t9fxfaakmtk8pj7tdxjvwsng6y9x76czuaf5h,10650.00000000,837164,
BTC,BTC,https://explorer.btc.com/btc/search/bc1qm34lsc65zpw79lxes69zkqmk6ee3ewf0j77s3h,19399.07500000,837164,
BTC,ETH,https://etherscan.io/address/0x21a31ee1afc51d94c2efccaa2092ad1028285549,26.21300000,19557288,
BTC,ETH,https://etherscan.io/address/0x28c6c06298d514db089934071355e5743bf21d60,283.46100000,19557288,
BTC,ETH,https://etherscan.io/address/0xdfd5293d8e347dfe59e90efd55b2956a1343963d,8.12100000,19557288,
BTC,ETH,https://etherscan.io/address/0xf977814e90da44bfa03b6295a0616a897441acec,1800.00000000,19557288,
BUSD,AVAXC,https://snowtrace.io/address/0x9f8c163cba728e99993abe7495f06c0a3c8ac8b9,10019.45800000,43625987,
BUSD,BNB,https://explorer.bnbchain.org/address/bnb1fnd0k5l4p3ck2j9x9dp36chk059w977pszdgdz,76847.79300000,372815436,
BUSD,BNB,https://explorer.bnbchain.org/address/bnb1m5amny2gs3xdyta6pksmr43zu4727w24syyks7,0,372815436,
BUSD,BNB,https://explorer.bnbchain.org/address/bnb1u2agwjat20494fmc6jnuau0ls937cfjn4pjwtn,42.23500000,372815436,
BUSD,BNB,https://explorer.bnbchain.org/address/bnb1xrfwzlu9c5208lhtn7ywt0mjrhjh4nt4fjyqxy,0,372815436,
BUSD,BSC,https://bscscan.com/address/0x01c952174c24e1210d26961d456a77a39e1f0bb0,0,37463959,
BUSD,BSC,https://bscscan.com/address/0x0e4158c85ff724526233c1aeb4ff6f0c46827fbe,215.47800000,37463959,Ceffu
BUSD,BSC,https://bscscan.com/address/0x161ba15a5f335c9f06bb5bbb0a9ce14076fbb645,0,37463959,
BUSD,BSC,https://bscscan.com/address/0x1fbe2acee135d991592f167ac371f3dd893a508b,0,37463959,
BUSD,BSC,https://bscscan.com/address/0x29bdfbf7d27462a2d115748ace2bd71a2646946c,0,37463959,
BUSD,BSC,https://bscscan.com/address/0x3c783c21a0383057d128bae431894a5c19f9cf06,1.13200000,37463959,
BUSD,BSC,https://bscscan.com/address/0x515b72ed8a97f42c568d6a143232775018f133c8,0,37463959,
BUSD,BSC,https://bscscan.com/address/0x5a52e96bacdabb82fd05763e25335261b270efcb,0,37463959,
BUSD,BSC,https://bscscan.com/address/0x73f5ebe90f27b46ea12e5795d16c4b408b19cc6f,0,37463959,
BUSD,BSC,https://bscscan.com/address/0x8894e0a0c962cb723c1976a4421c95949be2d4e3,4539024.79500000,37463959,
BUSD,BSC,https://bscscan.com/address/0xa180fe01b906a1be37be6c534a3300785b20d947,0,37463959,
BUSD,BSC,https://bscscan.com/address/0xbd612a3f30dca67bf60a39fd0d35e39b7ab80774,0,37463959,
BUSD,BSC,https://bscscan.com/address/0xdccf3b77da55107280bd850ea519df3705d1a75a,0,37463959,
BUSD,BSC,https://bscscan.com/address/0xe2fc31f816a9b94326492132018c3aecc4a93ae1,1.00000000,37463959,
BUSD,BSC,https://bscscan.com/address/0xeb2d2f1b8c558a40207669291fda468e50c8a0bb,0,37463959,
BUSD,BSC,https://bscscan.com/address/0xf977814e90da44bfa03b6295a0616a897441acec,30008.50100000,37463959,
BUSD,ETH,https://etherscan.io/address/0x21a31ee1afc51d94c2efccaa2092ad1028285549,5.41400000,19557288,
BUSD,ETH,https://etherscan.io/address/0x28c6c06298d514db089934071355e5743bf21d60,13769048.39000000,19557288,
BUSD,ETH,https://etherscan.io/address/0x4a9e49a45a4b2545cb177f79c7381a30e1dc261f,1127.62400000,19557288,Ceffu
BUSD,ETH,https://etherscan.io/address/0x9696f59e4d72e237be84ffd425dcad154bf96976,0,19557288,
BUSD,ETH,https://etherscan.io/address/0xdfd5293d8e347dfe59e90efd55b2956a1343963d,2.39300000,19557288,
BUSD,MATIC,https://polygonscan.com/address/0xe7804c37c13166ff0b37f5ae0bb07a3aebb6e245,45491.16400000,55304250,
BUSD,OPTIMISM,https://optimistic.etherscan.io/address/0xacd03d601e5bb1b275bb94076ff46ed9d753435a,0,118165411,
BUSD,TRX,https://tronscan.org/#/address/TDqSquXBgUCLYvYC4XZgrprLK589dkhSCf,35646.96800000,60429438,
BUSD,TRX,https://tronscan.org/#/address/TNXoiAJ3dct8Fjg4M9fkLFh9S2v9TXc32G,0,60429438,
CHR,BSC,https://bscscan.com/address/0x5a52e96bacdabb82fd05763e25335261b270efcb,6790549.86700000,37463959,
CHR,BSC,https://bscscan.com/address/0x8894e0a0c962cb723c1976a4421c95949be2d4e3,2858274.68700000,37463959,
CHR,BSC,https://bscscan.com/address/0xe2fc31f816a9b94326492132018c3aecc4a93ae1,753451.02500000,37463959,
CHR,BSC,https://bscscan.com/address/0xf977814e90da44bfa03b6295a0616a897441acec,43633903.86000000,37463959,
CHR,ETH,https://etherscan.io/address/0x21a31ee1afc51d94c2efccaa2092ad1028285549,645008.86700000,19557288,
CHR,ETH,https://etherscan.io/address/0x28c6c06298d514db089934071355e5743bf21d60,2911397.74200000,19557288,
CHR,ETH,https://etherscan.io/address/0x5a52e96bacdabb82fd05763e25335261b270efcb,47036217.58000000,19557288,
CHR,ETH,https://etherscan.io/address/0xbe0eb53f46cd790cd13851d5eff43d12404d33e8,70000000.00000000,19557288,
CHR,ETH,https://etherscan.io/address/0xdfd5293d8e347dfe59e90efd55b2956a1343963d,552988.95000000,19557288,
CHR,ETH,https://etherscan.io/address/0xf977814e90da44bfa03b6295a0616a897441acec,223722148.00000000,19557288,
CHZ,BNB,https://explorer.bnbchain.org/address/bnb142q467df6jun6rt5u2ar58sp47hm5f9wvz2cvg,0,372815436,
CHZ,BNB,https://explorer.bnbchain.org/address/bnb1fnd0k5l4p3ck2j9x9dp36chk059w977pszdgdz,8835518.02100000,372815436,
CHZ,BNB,https://explorer.bnbchain.org/address/bnb1m5amny2gs3xdyta6pksmr43zu4727w24syyks7,0,372815436,
CHZ,BNB,https://explorer.bnbchain.org/address/bnb1u2agwjat20494fmc6jnuau0ls937cfjn4pjwtn,472.89200000,372815436,
CHZ,CHZ2,https://scan.chiliz.com/address/0x87917d879ba83ce3ada6e02d49a10c1ec1988062,26388625.02000000,11779243,
CHZ,CHZ2,https://scan.chiliz.com/address/0xf977814e90da44bfa03b6295a0616a897441acec,1120750953.00000000,11779243,
CHZ,ETH,https://etherscan.io/address/0x21a31ee1afc51d94c2efccaa2092ad1028285549,7300418.00000000,19557288,
CHZ,ETH,https://etherscan.io/address/0x28c6c06298d514db089934071355e5743bf21d60,35780469.68000000,19557288,
CHZ,ETH,https://etherscan.io/address/0x4a9e49a45a4b2545cb177f79c7381a30e1dc261f,521061.97300000,19557288,Ceffu
CHZ,ETH,https://etherscan.io/address/0xd3a22590f8243f8e83ac230d1842c9af0404c4a1,259.88900000,19557288,Ceffu
CHZ,ETH,https://etherscan.io/address/0xdfd5293d8e347dfe59e90efd55b2956a1343963d,5578320.02100000,19557288,
CHZ,ETH,https://etherscan.io/address/0xf977814e90da44bfa03b6295a0616a897441acec,1530770501.00000000,19557288,
CRV,ETH,https://etherscan.io/address/0x21a31ee1afc51d94c2efccaa2092ad1028285549,1317749.27000000,19557288,
CRV,ETH,https://etherscan.io/address/0x28c6c06298d514db089934071355e5743bf21d60,13695834.99000000,19557288,
CRV,ETH,https://etherscan.io/address/0xdfd5293d8e347dfe59e90efd55b2956a1343963d,1156617.24000000,19557288,
CRV,ETH,https://etherscan.io/address/0xf977814e90da44bfa03b6295a0616a897441acec,167061097.90000000,19557288,
CVP,BSC,https://bscscan.com/address/0x8894e0a0c962cb723c1976a4421c95949be2d4e3,33.26600000,37463959,
CVP,BSC,https://bscscan.com/address/0xe2fc31f816a9b94326492132018c3aecc4a93ae1,0,37463959,
CVP,ETH,https://etherscan.io/address/0x21a31ee1afc51d94c2efccaa2092ad1028285549,1524168.40700000,19557288,
CVP,ETH,https://etherscan.io/address/0x28c6c06298d514db089934071355e5743bf21d60,5123930.04800000,19557288,
CVP,ETH,https://etherscan.io/address/0x5a52e96bacdabb82fd05763e25335261b270efcb,3302138.53400000,19557288,
CVP,ETH,https://etherscan.io/address/0xdfd5293d8e347dfe59e90efd55b2956a1343963d,1479010.03400000,19557288,
CVP,ETH,https://etherscan.io/address/0xf977814e90da44bfa03b6295a0616a897441acec,10000000.00000000,19557288,
DOGE,BNB,https://explorer.bnbchain.org/address/bnb1fnd0k5l4p3ck2j9x9dp36chk059w977pszdgdz,509721.03400000,372815436,
DOGE,BNB,https://explorer.bnbchain.org/address/bnb1lsmt5a8vqqus5fwslx8pyyemgjtg4y6ugj308t,2246407.24500000,372815436,
DOGE,BNB,https://explorer.bnbchain.org/address/bnb1u2agwjat20494fmc6jnuau0ls937cfjn4pjwtn,3577606.00000000,372815436,
DOGE,BSC,https://bscscan.com/address/0x0e4158c85ff724526233c1aeb4ff6f0c46827fbe,74434522.17000000,37463959,Ceffu
DOGE,BSC,https://bscscan.com/address/0x5a52e96bacdabb82fd05763e25335261b270efcb,0,37463959,
DOGE,BSC,https://bscscan.com/address/0x8894e0a0c962cb723c1976a4421c95949be2d4e3,19862015.84000000,37463959,
DOGE,BSC,https://bscscan.com/address/0xbe0eb53f46cd790cd13851d5eff43d12404d33e8,0,37463959,
DOGE,BSC,https://bscscan.com/address/0xd3a22590f8243f8e83ac230d1842c9af0404c4a1,313.26700000,37463959,Ceffu
DOGE,BSC,https://bscscan.com/address/0xe2fc31f816a9b94326492132018c3aecc4a93ae1,1845510.79300000,37463959,
DOGE,BSC,https://bscscan.com/address/0xf977814e90da44bfa03b6295a0616a897441acec,29798.50900000,37463959,
DOGE,DOGE,https://dogechain.info/address/D73RQLGWW9TBT2AKspEP24wLiXFrXvnTqX,0,5152734,
DOGE,DOGE,https://dogechain.info/address/D7BrtudMAdwz2U7vSGumVDuxZsZNibJuzw,1605153.93200000,5152734,
DOGE,DOGE,https://dogechain.info/address/D7D2f2WuEkwhTWqBkisZ5sM3JagaBcNWBs,149737845.00000000,5152734,
DOGE,DOGE,https://dogechain.info/address/D7JLeAgZK2TyFRFtjKwHMxhFjWvJ9gS5kj,172192859.00000000,5152734,
DOGE,DOGE,https://dogechain.info/address/D7QZnXec5bkMyokPFPh6v4WAw5VF5TocAy,0,5152734,
DOGE,DOGE,https://dogechain.info/address/D7bg2iUG3UiHuTWjRqcjdJiEjHrsFASsjw,2.79800000,5152734,
DOGE,DOGE,https://dogechain.info/address/D7dm1b8DEqaCxcgaPuBXz9FqjAQ7UTK6sz,0,5152734,
DOGE,DOGE,https://dogechain.info/address/DAYthKnkrWUHRENvtBwjemi6kFzk4K9SMr,0,5152734,
DOGE,DOGE,https://dogechain.info/address/DB7cLf6DRuHgTasXPgAEtkFVBnehgDjo9v,0,5152734,
DOGE,DOGE,https://dogechain.info/address/DCqD9gyq3qumbeEJZKc2Tm2R96JEd9dSDe,306089114.80000000,5152734,
DOGE,DOGE,https://dogechain.info/address/DCxFJEWsYJFnC3HP7YfZdsd3X43ttQA79Z,0,5152734,
DOGE,DOGE,https://dogechain.info/address/DD1h9ojoyAdAGLXaqgqZP3j86AtxZs6jCn,176644459.50000000,5152734,
DOGE,DOGE,https://dogechain.info/address/DD6K5pfaPd93ri5x67PzVVUS8Cui3rRoBe,35623007.06000000,5152734,
DOGE,DOGE,https://dogechain.info/address/DE5opaXjFgDhFBqL6tBDxTAQ56zkX6EToX,9226853670.00000000,5152734,
DOGE,DOGE,https://dogechain.info/address/DEvUEF9VrXbKf5rdaQCUzeh4MvZxd3Zx5T,0,5152734,
DOGE,DOGE,https://dogechain.info/address/DFyohYD3bMXCEg1TdMfdy1J7dYfK4shhPf,0,5152734,
DOGE,DOGE,https://dogechain.info/address/DGYUcgNQAAMzXynRHJJVAKkgXWhSddJNi2,0,5152734,
DOGE,DOGE,https://dogechain.info/address/DGiYKUGbzRtppwdoinym7ZJXWuBqBuHxUk,0,5152734,
DOGE,DOGE,https://dogechain.info/address/DGmd2jn1D7oLXpdpcGkLaGLDMbnRt4qkH3,75188458.35000000,5152734,
DOGE,DOGE,https://dogechain.info/address/DHiKVUMdaAm43NMh2wMSfn7xtmUmfKSSNE,58964749.99000000,5152734,
DOGE,DOGE,https://dogechain.info/address/DJRaDXkewtLgwL9EZyTkWQEsxuyBUaveKU,0,5152734,
DOGE,DOGE,https://dogechain.info/address/DJfU2p6woQ9GiBdiXsWZWJnJ9uDdZfSSNC,954860684.80000000,5152734,
DOGE,DOGE,https://dogechain.info/address/DLqwvgk27ACJnHPEGxyDfspieHBVYJRZiC,317526314.00000000,5152734,
DOGE,DOGE,https://dogechain.info/address/DN9NrgYzgh6AtNmTUFThqRxhbyoNWhG6iD,60071992.55000000,5152734,
DOGE,DOGE,https://dogechain.info/address/DPAMdZsSirVBGeDR9sE1LJXkwG6AQSNAMW,0,5152734,
DOGE,DOGE,https://dogechain.info/address/DPKKpanH1hMVzdWb2oi126znjruvvGRQzj,0,5152734,
DOGE,DOGE,https://dogechain.info/address/DPNqMsW1rotjhCzcbBEXzK3W73DiyzVLYc,341255825.90000000,5152734,
DOGE,DOGE,https://dogechain.info/address/DPjAgjrEYTc7RzN3E19sDLrAhRt7DrTTmd,32763517.61000000,5152734,
DOGE,DOGE,https://dogechain.info/address/DQYqMYmQCfL2eDLmMXV5uvCPkN6Vv4KtSx,308390532.40000000,5152734,
DOGE,DOGE,https://dogechain.info/address/DQkwksfYrAWAR9tRcqygA5pihmnURozxzo,224357932.00000000,5152734,
DOGE,DOGE,https://dogechain.info/address/DQnhnNxW89AkFHDsT6aWHim4DvtzwF9sGo,80863910.55000000,5152734,
DOGE,DOGE,https://dogechain.info/address/DRuYd74gqPuQD9HKEBDxRr9gSogQmdj9DH,67924649.99000000,5152734,
DOGE,DOGE,https://dogechain.info/address/DRweGdMgohChLBn2TamjCNicKYEncRgj5a,286296210.10000000,5152734,
DOGE,DOGE,https://dogechain.info/address/DTGrjpvJXQU2zSpUDsnk9b4PAQW5Pwtg4K,356.68000000,5152734,
DOGE,DOGE,https://dogechain.info/address/DTSop4ycWkpmDqpncVZ3jwKp3z7B4kW4T3,443419643.10000000,5152734,
DOGE,DOGE,https://dogechain.info/address/DU8gPC5mh4KxWJARQRxoESFark2jAguBr5,1383649653.00000000,5152734,
DOT,BNB,https://explorer.bnbchain.org/address/bnb17jky4rwhu9rzgrx7exrfc3pcd5z290ga8qfm0j,105273.00000000,372815436,
DOT,BNB,https://explorer.bnbchain.org/address/bnb1fnd0k5l4p3ck2j9x9dp36chk059w977pszdgdz,2389.80600000,372815436,
DOT,BNB,https://explorer.bnbchain.org/address/bnb1lsmt5a8vqqus5fwslx8pyyemgjtg4y6ugj308t,63127.00000000,372815436,
DOT,BNB,https://explorer.bnbchain.org/address/bnb1u2agwjat20494fmc6jnuau0ls937cfjn4pjwtn,627187.59700000,372815436,
DOT,BSC,https://bscscan.com/address/0x0e4158c85ff724526233c1aeb4ff6f0c46827fbe,11309.61300000,37463959,Ceffu
DOT,BSC,https://bscscan.com/address/0x5a52e96bacdabb82fd05763e25335261b270efcb,1117399.00700000,37463959,
DOT,BSC,https://bscscan.com/address/0x835678a611b28684005a5e2233695fb6cbbb0007,2962601.00000000,37463959,
DOT,BSC,https://bscscan.com/address/0x8894e0a0c962cb723c1976a4421c95949be2d4e3,243472.11900000,37463959,
DOT,BSC,https://bscscan.com/address/0xd3a22590f8243f8e83ac230d1842c9af0404c4a1,3.48100000,37463959,Ceffu
DOT,BSC,https://bscscan.com/address/0xe2fc31f816a9b94326492132018c3aecc4a93ae1,42953.18600000,37463959,
DOT,BSC,https://bscscan.com/address/0xf977814e90da44bfa03b6295a0616a897441acec,2710413.76100000,37463959,
DOT,DOT,https://polkadot.subscan.io/account/13VagdYbCRMSBSbmz4UivPpS9SwmTTRiPtMkjoEHRm8vAkqv,35222.02800000,20145867,Ceffu
DOT,DOT,https://polkadot.subscan.io/account/16ZL8yLyXv3V3L3z9ofR1ovFLziyXaN1DPq4yffMAZ9czzBD,88848118.58000000,20145867,
DOT,DOT,https://polkadot.subscan.io/account/1743nDTMZisPgBCYSAgkUn1kVG7MePc9rvMEjoRNf4ipVkF,21222652.76000000,20145867,
DOT,DOT,https://polkadot.subscan.io/account/1P6bgxZi42kYYV545c3RSp7NJLUgASDpMP1ifXJazVR1e2N,3.45100000,20145867,Ceffu
DOT,DOT,https://polkadot.subscan.io/account/1qnJN7FViy3HZaxZK9tGAA71zxHSBeUweirKqCaox4t8GT7,6274836.44700000,20145867,
DOT,ETH,https://etherscan.io/address/0x21a31ee1afc51d94c2efccaa2092ad1028285549,22500.00000000,19557288,
DOT,ETH,https://etherscan.io/address/0x28c6c06298d514db089934071355e5743bf21d60,34888.92200000,19557288,
DOT,ETH,https://etherscan.io/address/0xdfd5293d8e347dfe59e90efd55b2956a1343963d,7500.00000000,19557288,
DOT,ETH,https://etherscan.io/address/0xf977814e90da44bfa03b6295a0616a897441acec,107028.00000000,19557288,
ENJ,ENJ,https://enjin.subscan.io/account/enC1zkqfU5X4x84LMKSzcRdsSSiF7M1Nt7ovm62jRXr78uT1h,255935506.70000000,4352185,
ENJ,ETH,https://etherscan.io/address/0x21a31ee1afc51d94c2efccaa2092ad1028285549,2166959.77400000,19557288,
ENJ,ETH,https://etherscan.io/address/0x28c6c06298d514db089934071355e5743bf21d60,11530142.03000000,19557288,
ENJ,ETH,https://etherscan.io/address/0x56eddb7aa87536c09ccc2793473599fd21a8b17f,0,19557288,
ENJ,ETH,https://etherscan.io/address/0xdfd5293d8e347dfe59e90efd55b2956a1343963d,2185968.66700000,19557288,
ETH,ARBITRUM,https://arbiscan.io/address/0x1b5b4e441f5a22bfd91b7772c780463f66a74b35,9565.29000000,196288428,
ETH,ARBITRUM,https://arbiscan.io/address/0x5a52e96bacdabb82fd05763e25335261b270efcb,255982.99800000,196288428,
ETH,ARBITRUM,https://arbiscan.io/address/0x835678a611b28684005a5e2233695fb6cbbb0007,1067.00100000,196288428,
ETH,ARBITRUM,https://arbiscan.io/address/0xa7c0d36c4698981fab42a7d8c783674c6fe2592d,0,196288428,
ETH,ARBITRUM,https://arbiscan.io/address/0xb38e8c17e38363af6ebdcb3dae12e0243582891d,64232.14000000,196288428,
ETH,ARBITRUM,https://arbiscan.io/address/0xf92402bb795fd7cd08fb83839689db79099c8c9c,8810.34000000,196288428,
ETH,ARBITRUM,https://arbiscan.io/address/0xf977814e90da44bfa03b6295a0616a897441acec,613894.68700000,196288428,
ETH,BASE,https://basescan.org/address/0x3304e22ddaa22bcdc5fca2269b418046ae7b566a,3590.02000000,12570126,
ETH,BASE,https://basescan.org/address/0xf977814e90da44bfa03b6295a0616a897441acec,0,12570126,
ETH,BNB,https://explorer.bnbchain.org/address/bnb1fnd0k5l4p3ck2j9x9dp36chk059w977pszdgdz,184.74400000,372815436,
ETH,BNB,https://explorer.bnbchain.org/address/bnb1lsmt5a8vqqus5fwslx8pyyemgjtg4y6ugj308t,19753.34900000,372815436,
ETH,BNB,https://explorer.bnbchain.org/address/bnb1m5amny2gs3xdyta6pksmr43zu4727w24syyks7,0,372815436,
ETH,BNB,https://explorer.bnbchain.org/address/bnb1u2agwjat20494fmc6jnuau0ls937cfjn4pjwtn,2073.10000000,372815436,
ETH,BNB,https://explorer.bnbchain.org/address/bnb1xrfwzlu9c5208lhtn7ywt0mjrhjh4nt4fjyqxy,0,372815436,
ETH,BSC,https://bscscan.com/address/0x01c952174c24e1210d26961d456a77a39e1f0bb0,0,37463959,
ETH,BSC,https://bscscan.com/address/0x161ba15a5f335c9f06bb5bbb0a9ce14076fbb645,0,37463959,
ETH,BSC,https://bscscan.com/address/0x29bdfbf7d27462a2d115748ace2bd71a2646946c,0,37463959,
ETH,BSC,https://bscscan.com/address/0x3c783c21a0383057d128bae431894a5c19f9cf06,0,37463959,
ETH,BSC,https://bscscan.com/address/0x515b72ed8a97f42c568d6a143232775018f133c8,0,37463959,
ETH,BSC,https://bscscan.com/address/0x5a52e96bacdabb82fd05763e25335261b270efcb,28911.15300000,37463959,
ETH,BSC,https://bscscan.com/address/0x8894e0a0c962cb723c1976a4421c95949be2d4e3,25263.08500000,37463959,
ETH,BSC,https://bscscan.com/address/0xa180fe01b906a1be37be6c534a3300785b20d947,0,37463959,
ETH,BSC,https://bscscan.com/address/0xe2fc31f816a9b94326492132018c3aecc4a93ae1,12144.00700000,37463959,
ETH,BSC,https://bscscan.com/address/0xeb2d2f1b8c558a40207669291fda468e50c8a0bb,0,37463959,
ETH,BSC,https://bscscan.com/address/0xf977814e90da44bfa03b6295a0616a897441acec,79189.73600000,37463959,
ETH,ETH,https://etherscan.io/address/0x21a31ee1afc51d94c2efccaa2092ad1028285549,15248.86000000,19557288,
ETH,ETH,https://etherscan.io/address/0x28c6c06298d514db089934071355e5743bf21d60,229968.59000000,19557288,
ETH,ETH,https://etherscan.io/address/0x4976a4a02f38326660d17bf34b431dc6e2eb2327,21733.86000000,19557288,
ETH,ETH,https://etherscan.io/address/0x4a9e49a45a4b2545cb177f79c7381a30e1dc261f,7743.33500000,19557288,Ceffu
ETH,ETH,https://etherscan.io/address/0x56eddb7aa87536c09ccc2793473599fd21a8b17f,20675.95000000,19557288,
ETH,ETH,https://etherscan.io/address/0x5a52e96bacdabb82fd05763e25335261b270efcb,90113.96600000,19557288,
ETH,ETH,https://etherscan.io/address/0x835678a611b28684005a5e2233695fb6cbbb0007,106547.96800000,19557288,
ETH,ETH,https://etherscan.io/address/0x9696f59e4d72e237be84ffd425dcad154bf96976,18152.91000000,19557288,
ETH,ETH,https://etherscan.io/address/0xa7c0d36c4698981fab42a7d8c783674c6fe2592d,128280.02000000,19557288,
ETH,ETH,https://etherscan.io/address/0xbe0eb53f46cd790cd13851d5eff43d12404d33e8,1996008.39000000,19557288,
ETH,ETH,https://etherscan.io/address/0xd3a22590f8243f8e83ac230d1842c9af0404c4a1,147668.07400000,19557288,Ceffu
ETH,ETH,https://etherscan.io/address/0xdfd5293d8e347dfe59e90efd55b2956a1343963d,17759.93000000,19557288,
ETH,ETH,https://etherscan.io/address/0xf977814e90da44bfa03b6295a0616a897441acec,503265.05700000,19557288,
ETH,MANTA,https://pacific-explorer.manta.network/address/0x3cdfb47b0e910d9190ed788726cd72489bf10499,4745.93900000,1770564,
ETH,MANTA,https://pacific-explorer.manta.network/address/0x923fc76cb13a14e5a87843d309c9f401ec498e2d,965.58100000,1770564,
ETH,MANTA,https://pacific-explorer.manta.network/address/0xf977814e90da44bfa03b6295a0616a897441acec,20976.61700000,1770564,
ETH,OPTIMISM,https://optimistic.etherscan.io/address/0x5a52e96bacdabb82fd05763e25335261b270efcb,80.00000000,118165411,
ETH,OPTIMISM,https://optimistic.etherscan.io/address/0xacd03d601e5bb1b275bb94076ff46ed9d753435a,12768.34300000,118165411,
ETH,OPTIMISM,https://optimistic.etherscan.io/address/0xf977814e90da44bfa03b6295a0616a897441acec,127347.48400000,118165411,
ETH,STARKNET,https://starkscan.co/contract/ 0x0213c67ed78bc280887234fe5ed5e77272465317978ae86c25a71531d9332a2d,9914.32100000,629006,
ETH,ZKSYNCERA,https://explorer.zksync.io/address/0x7aed074ca56f5050d5a2e512ecc5bf7103937d76,968.76100000,30287781,
ETH,ZKSYNCERA,https://explorer.zksync.io/address/0xa84fd90d8640fa63d194601e0b2d1c9094297083,0,30287781,
ETH,ZKSYNCERA,https://explorer.zksync.io/address/0xf977814e90da44bfa03b6295a0616a897441acec,0,30287781,
FDUSD,BSC,https://bscscan.com/address/0x0e4158c85ff724526233c1aeb4ff6f0c46827fbe,807224.04000000,37463959,Ceffu
FDUSD,BSC,https://bscscan.com/address/0x5a52e96bacdabb82fd05763e25335261b270efcb,4645146.85400000,37463959,
FDUSD,BSC,https://bscscan.com/address/0x835678a611b28684005a5e2233695fb6cbbb0007,9.66000000,37463959,
FDUSD,BSC,https://bscscan.com/address/0x8894e0a0c962cb723c1976a4421c95949be2d4e3,32861016.95000000,37463959,
FDUSD,BSC,https://bscscan.com/address/0xe2fc31f816a9b94326492132018c3aecc4a93ae1,14129878.98000000,37463959,
FDUSD,BSC,https://bscscan.com/address/0xf977814e90da44bfa03b6295a0616a897441acec,20000000.00000000,37463959,
FDUSD,ETH,https://etherscan.io/address/0x21a31ee1afc51d94c2efccaa2092ad1028285549,1102730.98600000,19557288,
FDUSD,ETH,https://etherscan.io/address/0x28c6c06298d514db089934071355e5743bf21d60,5248746.74900000,19557288,
FDUSD,ETH,https://etherscan.io/address/0x4a9e49a45a4b2545cb177f79c7381a30e1dc261f,30567.48400000,19557288,Ceffu
FDUSD,ETH,https://etherscan.io/address/0x5a52e96bacdabb82fd05763e25335261b270efcb,12359599.00000000,19557288,
FDUSD,ETH,https://etherscan.io/address/0x835678a611b28684005a5e2233695fb6cbbb0007,35662627.00000000,19557288,
FDUSD,ETH,https://etherscan.io/address/0xa7c0d36c4698981fab42a7d8c783674c6fe2592d,1015081010.00000000,19557288,
FDUSD,ETH,https://etherscan.io/address/0xdfd5293d8e347dfe59e90efd55b2956a1343963d,823388.98900000,19557288,
FDUSD,ETH,https://etherscan.io/address/0xf977814e90da44bfa03b6295a0616a897441acec,1000000000.00000000,19557288,
FDUSD,OPBNB,https://opbnbscan.com/address/0x001ceb373c83ae75b9f5cf78fc2aba3e185d09e2,183763.75000000,20175877,
FDUSD,OPBNB,https://opbnbscan.com/address/0xf977814e90da44bfa03b6295a0616a897441acec,699477.21200000,20175877,
GRT,ARBITRUM,https://arbiscan.io/address/0x5a52e96bacdabb82fd05763e25335261b270efcb,6442630.00000000,196288428,
GRT,ARBITRUM,https://arbiscan.io/address/0xf977814e90da44bfa03b6295a0616a897441acec,138259372.00000000,196288428,
GRT,ETH,https://etherscan.io/address/0x21a31ee1afc51d94c2efccaa2092ad1028285549,10888499.64000000,19557288,
GRT,ETH,https://etherscan.io/address/0x28c6c06298d514db089934071355e5743bf21d60,9355499.49400000,19557288,
GRT,ETH,https://etherscan.io/address/0x5a52e96bacdabb82fd05763e25335261b270efcb,64495560.19000000,19557288,
GRT,ETH,https://etherscan.io/address/0xdfd5293d8e347dfe59e90efd55b2956a1343963d,2110388.09400000,19557288,
GRT,ETH,https://etherscan.io/address/0xf977814e90da44bfa03b6295a0616a897441acec,579399909.00000000,19557288,
GRT,MATIC,https://polygonscan.com/address/0xe7804c37c13166ff0b37f5ae0bb07a3aebb6e245,113863.83600000,55304250,
GRT,MATIC,https://polygonscan.com/address/0xf977814e90da44bfa03b6295a0616a897441acec,4300000.00000000,55304250,
HFT,BSC,https://bscscan.com/address/0x5a52e96bacdabb82fd05763e25335261b270efcb,6750000.00000000,37463959,
HFT,BSC,https://bscscan.com/address/0x8894e0a0c962cb723c1976a4421c95949be2d4e3,398486.68400000,37463959,
HFT,BSC,https://bscscan.com/address/0xe2fc31f816a9b94326492132018c3aecc4a93ae1,204338.45500000,37463959,
HFT,BSC,https://bscscan.com/address/0xf977814e90da44bfa03b6295a0616a897441acec,5000000.00000000,37463959,
HFT,ETH,https://etherscan.io/address/0x21a31ee1afc51d94c2efccaa2092ad1028285549,1543496.98500000,19557288,
HFT,ETH,https://etherscan.io/address/0x28c6c06298d514db089934071355e5743bf21d60,16105043.63000000,19557288,
HFT,ETH,https://etherscan.io/address/0x5a52e96bacdabb82fd05763e25335261b270efcb,49580212.37000000,19557288,
HFT,ETH,https://etherscan.io/address/0xdfd5293d8e347dfe59e90efd55b2956a1343963d,952107.33200000,19557288,
HFT,ETH,https://etherscan.io/address/0xf977814e90da44bfa03b6295a0616a897441acec,36000000.00000000,19557288,
LINK,BNB,https://explorer.bnbchain.org/address/bnb1fnd0k5l4p3ck2j9x9dp36chk059w977pszdgdz,3587.85000000,372815436,
LINK,BNB,https://explorer.bnbchain.org/address/bnb1lsmt5a8vqqus5fwslx8pyyemgjtg4y6ugj308t,102828.79700000,372815436,
LINK,BNB,https://explorer.bnbchain.org/address/bnb1u2agwjat20494fmc6jnuau0ls937cfjn4pjwtn,31306.17100000,372815436,
LINK,BSC,https://bscscan.com/address/0x0e4158c85ff724526233c1aeb4ff6f0c46827fbe,67951.57700000,37463959,Ceffu
LINK,BSC,https://bscscan.com/address/0x5a52e96bacdabb82fd05763e25335261b270efcb,548803.73100000,37463959,
LINK,BSC,https://bscscan.com/address/0x8894e0a0c962cb723c1976a4421c95949be2d4e3,96372.44500000,37463959,
LINK,BSC,https://bscscan.com/address/0xd3a22590f8243f8e83ac230d1842c9af0404c4a1,1.81000000,37463959,Ceffu
LINK,BSC,https://bscscan.com/address/0xe2fc31f816a9b94326492132018c3aecc4a93ae1,44316.77400000,37463959,
LINK,BSC,https://bscscan.com/address/0xf977814e90da44bfa03b6295a0616a897441acec,1600000.00000000,37463959,
LINK,ETH,https://etherscan.io/address/0x21a31ee1afc51d94c2efccaa2092ad1028285549,699662.46200000,19557288,
LINK,ETH,https://etherscan.io/address/0x28c6c06298d514db089934071355e5743bf21d60,595850.12200000,19557288,
LINK,ETH,https://etherscan.io/address/0x5a52e96bacdabb82fd05763e25335261b270efcb,8500792.00000000,19557288,
LINK,ETH,https://etherscan.io/address/0x835678a611b28684005a5e2233695fb6cbbb0007,1499208.00000000,19557288,
LINK,ETH,https://etherscan.io/address/0xbe0eb53f46cd790cd13851d5eff43d12404d33e8,5000000.00000000,19557288,
LINK,ETH,https://etherscan.io/address/0xdfd5293d8e347dfe59e90efd55b2956a1343963d,614921.03800000,19557288,
LINK,ETH,https://etherscan.io/address/0xf977814e90da44bfa03b6295a0616a897441acec,36000000.00000000,19557288,
LTC,BNB,https://explorer.bnbchain.org/address/bnb1fnd0k5l4p3ck2j9x9dp36chk059w977pszdgdz,2296.22300000,372815436,
LTC,BNB,https://explorer.bnbchain.org/address/bnb1lsmt5a8vqqus5fwslx8pyyemgjtg4y6ugj308t,19811.00000000,372815436,
LTC,BNB,https://explorer.bnbchain.org/address/bnb1u2agwjat20494fmc6jnuau0ls937cfjn4pjwtn,101155.00000000,372815436,
LTC,BSC,https://bscscan.com/address/0x0e4158c85ff724526233c1aeb4ff6f0c46827fbe,28385.06700000,37463959,Ceffu
LTC,BSC,https://bscscan.com/address/0x5a52e96bacdabb82fd05763e25335261b270efcb,73159.03000000,37463959,
LTC,BSC,https://bscscan.com/address/0x8894e0a0c962cb723c1976a4421c95949be2d4e3,55712.46400000,37463959,
LTC,BSC,https://bscscan.com/address/0xd3a22590f8243f8e83ac230d1842c9af0404c4a1,0,37463959,Ceffu
LTC,BSC,https://bscscan.com/address/0xe2fc31f816a9b94326492132018c3aecc4a93ae1,9864.34200000,37463959,
LTC,BSC,https://bscscan.com/address/0xf977814e90da44bfa03b6295a0616a897441acec,110435.12000000,37463959,
LTC,LTC,https://live.blockcypher.com/ltc/address/LZEjckteAtWrugbsy9zU8VHEZ4iUiXo9Nm,723223.17200000,2659966,
LTC,LTC,https://live.blockcypher.com/ltc/address/LbmGksLBwtwRXyxeazCZqKiAHX6cWN2AzN,29.64900000,2659966,
LTC,LTC,https://live.blockcypher.com/ltc/address/LhzEoDXHXASi4hSMxrKeVoSGrED9QsBpPq,38.60000000,2659966,
LTC,LTC,https://live.blockcypher.com/ltc/address/M8T1B2Z97gVdvmfkQcAtYbEepune1tzGua,2504667.42600000,2659966,
LTC,LTC,https://live.blockcypher.com/ltc/address/MB8nnFMvR5cgvpzQ1QXTDVfUM91BcsLH3k,0,2659966,
LTC,LTC,https://live.blockcypher.com/ltc/address/MBjKmoDwkuUbtnVd4vjymxjJx7Crca2s1z,0,2659966,
LTC,LTC,https://live.blockcypher.com/ltc/address/MDwD5wYdeuoisfoaWKgeHK4Gq3YkbaCypJ,211764.71900000,2659966,
LTC,LTC,https://live.blockcypher.com/ltc/address/MEhAHYijouCinmGKL6n1bRTXYznH1X24rD,6335.31100000,2659966,
LTC,LTC,https://live.blockcypher.com/ltc/address/MG9aFQgTH5C4UPcur8S2bh5duKYMfaJFUS,325543.93400000,2659966,
LTC,LTC,https://live.blockcypher.com/ltc/address/MGvUTN1PuWgBxuoFgTfkk4eJDzYgRivR8F,216809.41700000,2659966,
LTC,LTC,https://live.blockcypher.com/ltc/address/MJto5wFLrE9t4TDXCgdSet8W6mxYqGijC3,130157.32300000,2659966,
LTC,LTC,https://live.blockcypher.com/ltc/address/MJwFHGandYUFJTTHHSXg3q6u7ge4af1n4N,19999.79800000,2659966,
LTC,LTC,https://live.blockcypher.com/ltc/address/MLjHNHuJy8VxxPzkL2MmYNoxG8b6BH4J4R,53640.52900000,2659966,
LTC,LTC,https://live.blockcypher.com/ltc/address/MLkNzCps6cXou2DELVfxDuRC4uZGwr397o,0,2659966,
LTC,LTC,https://live.blockcypher.com/ltc/address/MQd1fJwqBJvwLuyhr17PhEFx1swiqDbPQS,1989750.61200000,2659966,
LTC,LTC,https://live.blockcypher.com/ltc/address/MSeDRiNoH5Afr9b9rNo837hYzpxBXXqMZf,0,2659966,
LTC,LTC,https://live.blockcypher.com/ltc/address/MWGTiJBNEQSfxTCrdC2VKEa55Lck27wr67,8413.19900000,2659966,
LTC,LTC,https://live.blockcypher.com/ltc/address/MWkX1ZaFbrRPtcQvVpjvigxWU17JoinePy,16733.65600000,2659966,
MASK,BSC,https://bscscan.com/address/0x8894e0a0c962cb723c1976a4421c95949be2d4e3,62497.81100000,37463959,
MASK,BSC,https://bscscan.com/address/0xe2fc31f816a9b94326492132018c3aecc4a93ae1,11404.40200000,37463959,
MASK,BSC,https://bscscan.com/address/0xf977814e90da44bfa03b6295a0616a897441acec,639234.58900000,37463959,
MASK,ETH,https://etherscan.io/address/0x21a31ee1afc51d94c2efccaa2092ad1028285549,264573.49000000,19557288,
MASK,ETH,https://etherscan.io/address/0x28c6c06298d514db089934071355e5743bf21d60,2455235.78700000,19557288,
MASK,ETH,https://etherscan.io/address/0x5a52e96bacdabb82fd05763e25335261b270efcb,0,19557288,
MASK,ETH,https://etherscan.io/address/0xdfd5293d8e347dfe59e90efd55b2956a1343963d,205941.22000000,19557288,
MASK,ETH,https://etherscan.io/address/0xf977814e90da44bfa03b6295a0616a897441acec,17609590.28000000,19557288,
MATIC,BNB,https://explorer.bnbchain.org/address/bnb1fnd0k5l4p3ck2j9x9dp36chk059w977pszdgdz,2912.83100000,372815436,
MATIC,BNB,https://explorer.bnbchain.org/address/bnb1lsmt5a8vqqus5fwslx8pyyemgjtg4y6ugj308t,1180379.32300000,372815436,
MATIC,BNB,https://explorer.bnbchain.org/address/bnb1u2agwjat20494fmc6jnuau0ls937cfjn4pjwtn,294261.45600000,372815436,
MATIC,BNB,https://explorer.bnbchain.org/address/bnb1xrfwzlu9c5208lhtn7ywt0mjrhjh4nt4fjyqxy,0,372815436,
MATIC,BSC,https://bscscan.com/address/0x0e4158c85ff724526233c1aeb4ff6f0c46827fbe,1180734.39800000,37463959,Ceffu
MATIC,BSC,https://bscscan.com/address/0x29bdfbf7d27462a2d115748ace2bd71a2646946c,0,37463959,
MATIC,BSC,https://bscscan.com/address/0x3c783c21a0383057d128bae431894a5c19f9cf06,0,37463959,
MATIC,BSC,https://bscscan.com/address/0x8894e0a0c962cb723c1976a4421c95949be2d4e3,139391.49000000,37463959,
MATIC,BSC,https://bscscan.com/address/0xd3a22590f8243f8e83ac230d1842c9af0404c4a1,30.77400000,37463959,Ceffu
MATIC,BSC,https://bscscan.com/address/0xe2fc31f816a9b94326492132018c3aecc4a93ae1,0,37463959,
MATIC,ETH,https://etherscan.io/address/0x21a31ee1afc51d94c2efccaa2092ad1028285549,5037869.43300000,19557288,
MATIC,ETH,https://etherscan.io/address/0x28c6c06298d514db089934071355e5743bf21d60,30130718.02000000,19557288,
MATIC,ETH,https://etherscan.io/address/0x4a9e49a45a4b2545cb177f79c7381a30e1dc261f,7495421.92300000,19557288,Ceffu
MATIC,ETH,https://etherscan.io/address/0x5a52e96bacdabb82fd05763e25335261b270efcb,84307576.33000000,19557288,
MATIC,ETH,https://etherscan.io/address/0x835678a611b28684005a5e2233695fb6cbbb0007,46678122.00000000,19557288,
MATIC,ETH,https://etherscan.io/address/0xd3a22590f8243f8e83ac230d1842c9af0404c4a1,15.04900000,19557288,Ceffu
MATIC,ETH,https://etherscan.io/address/0xdfd5293d8e347dfe59e90efd55b2956a1343963d,5452825.00000000,19557288,
MATIC,ETH,https://etherscan.io/address/0xf977814e90da44bfa03b6295a0616a897441acec,939393390.80000000,19557288,
MATIC,MATIC,https://polygonscan.com/address/0x082489a616ab4d46d1947ee3f912e080815b08da,310055.36100000,55304250,
MATIC,MATIC,https://polygonscan.com/address/0x290275e3db66394c52272398959845170e4dcb88,2863106.72500000,55304250,
MATIC,MATIC,https://polygonscan.com/address/0x417850c1cd0fb428eb63649e9dc4c78ede9a34e8,988.88300000,55304250,Ceffu
MATIC,MATIC,https://polygonscan.com/address/0x505e71695e9bc45943c58adec1650577bca68fd9,188252.54200000,55304250,
MATIC,MATIC,https://polygonscan.com/address/0x5a52e96bacdabb82fd05763e25335261b270efcb,200142.70600000,55304250,
MATIC,MATIC,https://polygonscan.com/address/0x835678a611b28684005a5e2233695fb6cbbb0007,54.93500000,55304250,
MATIC,MATIC,https://polygonscan.com/address/0xa7c0d36c4698981fab42a7d8c783674c6fe2592d,33.88500000,55304250,
MATIC,MATIC,https://polygonscan.com/address/0xd3a22590f8243f8e83ac230d1842c9af0404c4a1,30.84200000,55304250,Ceffu
MATIC,MATIC,https://polygonscan.com/address/0xe7804c37c13166ff0b37f5ae0bb07a3aebb6e245,3127198.36900000,55304250,
MATIC,MATIC,https://polygonscan.com/address/0xf977814e90da44bfa03b6295a0616a897441acec,13755.94400000,55304250,
OP,OPTIMISM,https://optimistic.etherscan.io/address/0x5a52e96bacdabb82fd05763e25335261b270efcb,37999000.00000000,118165411,
OP,OPTIMISM,https://optimistic.etherscan.io/address/0xacd03d601e5bb1b275bb94076ff46ed9d753435a,14403400.45000000,118165411,
OP,OPTIMISM,https://optimistic.etherscan.io/address/0xf977814e90da44bfa03b6295a0616a897441acec,89613261.62000000,118165411,
SHIB,BSC,https://bscscan.com/address/0x0e4158c85ff724526233c1aeb4ff6f0c46827fbe,86407244602.00000000,37463959,Ceffu
SHIB,BSC,https://bscscan.com/address/0x161ba15a5f335c9f06bb5bbb0a9ce14076fbb645,0,37463959,
SHIB,BSC,https://bscscan.com/address/0x1fbe2acee135d991592f167ac371f3dd893a508b,0,37463959,
SHIB,BSC,https://bscscan.com/address/0x3c783c21a0383057d128bae431894a5c19f9cf06,61556818491.00000000,37463959,
SHIB,BSC,https://bscscan.com/address/0x8894e0a0c962cb723c1976a4421c95949be2d4e3,180669388974.00000000,37463959,
SHIB,BSC,https://bscscan.com/address/0xbd612a3f30dca67bf60a39fd0d35e39b7ab80774,0,37463959,
SHIB,BSC,https://bscscan.com/address/0xdccf3b77da55107280bd850ea519df3705d1a75a,45420148255.00000000,37463959,
SHIB,BSC,https://bscscan.com/address/0xe2fc31f816a9b94326492132018c3aecc4a93ae1,48478866251.00000000,37463959,
SHIB,BSC,https://bscscan.com/address/0xeb2d2f1b8c558a40207669291fda468e50c8a0bb,0,37463959,
SHIB,BSC,https://bscscan.com/address/0xf977814e90da44bfa03b6295a0616a897441acec,200000000000.00000000,37463959,
SHIB,ETH,https://etherscan.io/address/0x21a31ee1afc51d94c2efccaa2092ad1028285549,883466175692.00000000,19557288,
SHIB,ETH,https://etherscan.io/address/0x28c6c06298d514db089934071355e5743bf21d60,2458895676154.00000000,19557288,
SHIB,ETH,https://etherscan.io/address/0x4976a4a02f38326660d17bf34b431dc6e2eb2327,0,19557288,
SHIB,ETH,https://etherscan.io/address/0x56eddb7aa87536c09ccc2793473599fd21a8b17f,0,19557288,
SHIB,ETH,https://etherscan.io/address/0x5a52e96bacdabb82fd05763e25335261b270efcb,24420677467185.00000000,19557288,
SHIB,ETH,https://etherscan.io/address/0x835678a611b28684005a5e2233695fb6cbbb0007,2452580000000.00000000,19557288,
SHIB,ETH,https://etherscan.io/address/0xdfd5293d8e347dfe59e90efd55b2956a1343963d,543784617711.00000000,19557288,
SHIB,ETH,https://etherscan.io/address/0xf977814e90da44bfa03b6295a0616a897441acec,36288525893206.00000000,19557288,
SOL,BSC,https://bscscan.com/address/0x0e4158c85ff724526233c1aeb4ff6f0c46827fbe,15510.72400000,37463959,Ceffu
SOL,BSC,https://bscscan.com/address/0x8894e0a0c962cb723c1976a4421c95949be2d4e3,56525.40100000,37463959,
SOL,BSC,https://bscscan.com/address/0xd3a22590f8243f8e83ac230d1842c9af0404c4a1,10045.04400000,37463959,Ceffu
SOL,BSC,https://bscscan.com/address/0xe2fc31f816a9b94326492132018c3aecc4a93ae1,7477.67200000,37463959,
SOL,BSC,https://bscscan.com/address/0xeb2d2f1b8c558a40207669291fda468e50c8a0bb,0,37463959,
SOL,BSC,https://bscscan.com/address/0xf977814e90da44bfa03b6295a0616a897441acec,239477.09800000,37463959,
SOL,SOL,https://solscan.io/account/28nYGHJyUVcVdxZtzKByBXEj127XnrUkrE3VaGuWj1ZU,397095.54500000,257633888,Ceffu
SOL,SOL,https://solscan.io/account/2ojv9BAiHUrvsm9gxDe7fJSzbNZSJcxZvf8dqmWGHG8S,400113.48400000,257633888,
SOL,SOL,https://solscan.io/account/3gd3dqgtJ4jWfBfLYTX67DALFetjc5iS72sCgRhCkW2u,704501.21000000,257633888,
SOL,SOL,https://solscan.io/account/3yFwqXBfZY4jBVUafQ1YEXw189y2dN3V5KQq9uzBDy1E,2000000.00000000,257633888,
SOL,SOL,https://solscan.io/account/5tzFkiKscXHK5ZXCGbXZxdw7gTjjD1mBwuoFbhUvuAi9,4342417.77500000,257633888,
SOL,SOL,https://solscan.io/account/6QJzieMYfp7yr3EdrePaQoG3Ghxs2wM98xSLRu8Xh56U,1176600.47700000,257633888,
SOL,SOL,https://solscan.io/account/9WzDXwBbmkg8ZTbNMqUxvQRAyrZzDsGYdLVL9zYtAWWM,21470859.18000000,257633888,
SOL,SOL,https://solscan.io/account/BZ3kabSsMzbuJUguYxtmkRtzw7ACqw1DUMH8PcbvXiUr,17752.10000000,257633888,Ceffu
SOL,SOL,https://solscan.io/account/HXsKP7wrBWaQ8T2Vtjry3Nj3oUgwYcqq9vrHDM12G664,1118899.62800000,257633888,
SSV,ETH,https://etherscan.io/address/0x21a31ee1afc51d94c2efccaa2092ad1028285549,8437.63800000,19557288,
SSV,ETH,https://etherscan.io/address/0x28c6c06298d514db089934071355e5743bf21d60,95884.48200000,19557288,
SSV,ETH,https://etherscan.io/address/0x4a9e49a45a4b2545cb177f79c7381a30e1dc261f,17994.47900000,19557288,Ceffu
SSV,ETH,https://etherscan.io/address/0xd3a22590f8243f8e83ac230d1842c9af0404c4a1,0,19557288,Ceffu
SSV,ETH,https://etherscan.io/address/0xdfd5293d8e347dfe59e90efd55b2956a1343963d,11831.04600000,19557288,
SSV,ETH,https://etherscan.io/address/0xf977814e90da44bfa03b6295a0616a897441acec,3879133.68400000,19557288,
TUSD,BNB,https://explorer.bnbchain.org/address/bnb1fnd0k5l4p3ck2j9x9dp36chk059w977pszdgdz,1000.29600000,372815436,
TUSD,BNB,https://explorer.bnbchain.org/address/bnb1u2agwjat20494fmc6jnuau0ls937cfjn4pjwtn,58351.90800000,372815436,
TUSD,BSC,https://bscscan.com/address/0x8894e0a0c962cb723c1976a4421c95949be2d4e3,1744353.08800000,37463959,
TUSD,BSC,https://bscscan.com/address/0xe2fc31f816a9b94326492132018c3aecc4a93ae1,678894.03200000,37463959,
TUSD,BSC,https://bscscan.com/address/0xf977814e90da44bfa03b6295a0616a897441acec,25236628.65000000,37463959,
TUSD,ETH,https://etherscan.io/address/0x21a31ee1afc51d94c2efccaa2092ad1028285549,453325.08900000,19557288,
TUSD,ETH,https://etherscan.io/address/0x28c6c06298d514db089934071355e5743bf21d60,642729.19000000,19557288,
TUSD,ETH,https://etherscan.io/address/0xdfd5293d8e347dfe59e90efd55b2956a1343963d,456821.99600000,19557288,
TUSD,ETH,https://etherscan.io/address/0xf977814e90da44bfa03b6295a0616a897441acec,60680513.29000000,19557288,
TUSD,TRX,https://tronscan.org/#/address/TDqSquXBgUCLYvYC4XZgrprLK589dkhSCf,5800130.74300000,60429438,
TUSD,TRX,https://tronscan.org/#/address/TNXoiAJ3dct8Fjg4M9fkLFh9S2v9TXc32G,5709026.26000000,60429438,
TUSD,TRX,https://tronscan.org/#/address/TWd4WrZ9wn84f5x1hZhL4DHvk738ns5jwb,900452.48800000,60429438,
UNI,BNB,https://explorer.bnbchain.org/address/bnb1fnd0k5l4p3ck2j9x9dp36chk059w977pszdgdz,300.31800000,372815436,
UNI,BNB,https://explorer.bnbchain.org/address/bnb1lsmt5a8vqqus5fwslx8pyyemgjtg4y6ugj308t,161715.00000000,372815436,
UNI,BNB,https://explorer.bnbchain.org/address/bnb1u2agwjat20494fmc6jnuau0ls937cfjn4pjwtn,1232810.34100000,372815436,
UNI,BSC,https://bscscan.com/address/0x0e4158c85ff724526233c1aeb4ff6f0c46827fbe,177900.13600000,37463959,Ceffu
UNI,BSC,https://bscscan.com/address/0x8894e0a0c962cb723c1976a4421c95949be2d4e3,207079.64000000,37463959,
UNI,BSC,https://bscscan.com/address/0xd3a22590f8243f8e83ac230d1842c9af0404c4a1,4.12900000,37463959,Ceffu
UNI,BSC,https://bscscan.com/address/0xe2fc31f816a9b94326492132018c3aecc4a93ae1,114987.71100000,37463959,
UNI,BSC,https://bscscan.com/address/0xf977814e90da44bfa03b6295a0616a897441acec,200000.00000000,37463959,
UNI,ETH,https://etherscan.io/address/0x21a31ee1afc51d94c2efccaa2092ad1028285549,313058.99500000,19557288,
UNI,ETH,https://etherscan.io/address/0x28c6c06298d514db089934071355e5743bf21d60,955407.63700000,19557288,
UNI,ETH,https://etherscan.io/address/0x5a52e96bacdabb82fd05763e25335261b270efcb,15000000.00000000,19557288,
UNI,ETH,https://etherscan.io/address/0xbe0eb53f46cd790cd13851d5eff43d12404d33e8,6000000.00000000,19557288,
UNI,ETH,https://etherscan.io/address/0xd3a22590f8243f8e83ac230d1842c9af0404c4a1,3.25800000,19557288,Ceffu
UNI,ETH,https://etherscan.io/address/0xdfd5293d8e347dfe59e90efd55b2956a1343963d,250562.49300000,19557288,
UNI,ETH,https://etherscan.io/address/0xf977814e90da44bfa03b6295a0616a897441acec,10000000.00000000,19557288,
USDC,ALGO,https://algoexplorer.io/address/MTCEM5YJJSYGW2RCXYXGE4SXLSPUUEJKQAWG2GUX6CNN72KQ3XPJCM6NOI,23807038.13000000,37522226,
USDC,ALGO,https://algoexplorer.io/address/QYXDGS2XJJT7QNR6EJ2YHNZFONU6ROFM6BKTBNVT63ZXQ5OC6IYSPNDJ4U,6829779.74500000,37522226,
USDC,ARBITRUM,https://arbiscan.io/address/0x5a52e96bacdabb82fd05763e25335261b270efcb,50000526.29000000,196288428,
USDC,ARBITRUM,https://arbiscan.io/address/0xb38e8c17e38363af6ebdcb3dae12e0243582891d,73779924.54000000,196288428,
USDC,ARBITRUM,https://arbiscan.io/address/0xf977814e90da44bfa03b6295a0616a897441acec,30000000.30000000,196288428,
USDC,AVAXC,https://snowtrace.io/address/0x4aefa39caeadd662ae31ab0ce7c8c2c9c0a013e8,53342913.41000000,43625987,
USDC,AVAXC,https://snowtrace.io/address/0x9f8c163cba728e99993abe7495f06c0a3c8ac8b9,69007605.20000000,43625987,
USDC,BNB,https://explorer.bnbchain.org/address/bnb1fnd0k5l4p3ck2j9x9dp36chk059w977pszdgdz,1385953.13000000,372815436,
USDC,BSC,https://bscscan.com/address/0x0e4158c85ff724526233c1aeb4ff6f0c46827fbe,2000000.15500000,37463959,Ceffu
USDC,BSC,https://bscscan.com/address/0x1fbe2acee135d991592f167ac371f3dd893a508b,0,37463959,
USDC,BSC,https://bscscan.com/address/0x3c783c21a0383057d128bae431894a5c19f9cf06,0,37463959,
USDC,BSC,https://bscscan.com/address/0x5a52e96bacdabb82fd05763e25335261b270efcb,0,37463959,
USDC,BSC,https://bscscan.com/address/0x73f5ebe90f27b46ea12e5795d16c4b408b19cc6f,0,37463959,
USDC,BSC,https://bscscan.com/address/0x8894e0a0c962cb723c1976a4421c95949be2d4e3,41412457.32000000,37463959,
USDC,BSC,https://bscscan.com/address/0xd3a22590f8243f8e83ac230d1842c9af0404c4a1,5389289.81000000,37463959,Ceffu
USDC,BSC,https://bscscan.com/address/0xdccf3b77da55107280bd850ea519df3705d1a75a,0,37463959,
USDC,BSC,https://bscscan.com/address/0xe2fc31f816a9b94326492132018c3aecc4a93ae1,56165942.60000000,37463959,
USDC,BSC,https://bscscan.com/address/0xeb2d2f1b8c558a40207669291fda468e50c8a0bb,0,37463959,
USDC,BSC,https://bscscan.com/address/0xf977814e90da44bfa03b6295a0616a897441acec,0,37463959,
USDC,ETH,https://etherscan.io/address/0x21a31ee1afc51d94c2efccaa2092ad1028285549,94723198.07000000,19557288,
USDC,ETH,https://etherscan.io/address/0x28c6c06298d514db089934071355e5743bf21d60,967467155.30000000,19557288,
USDC,ETH,https://etherscan.io/address/0x4a9e49a45a4b2545cb177f79c7381a30e1dc261f,3104898.98200000,19557288,Ceffu
USDC,ETH,https://etherscan.io/address/0x5a52e96bacdabb82fd05763e25335261b270efcb,68446535.00000000,19557288,
USDC,ETH,https://etherscan.io/address/0xd3a22590f8243f8e83ac230d1842c9af0404c4a1,3076279.10500000,19557288,Ceffu
USDC,ETH,https://etherscan.io/address/0xdfd5293d8e347dfe59e90efd55b2956a1343963d,120195216.70000000,19557288,
USDC,ETH,https://etherscan.io/address/0xf977814e90da44bfa03b6295a0616a897441acec,100000000.00000000,19557288,
USDC,MATIC,https://polygonscan.com/address/0xe7804c37c13166ff0b37f5ae0bb07a3aebb6e245,7205147.76900000,55304250,
USDC,NEAR,https://nearblocks.io/address/5c33c6218d47e00ef229f60da78d0897e1ee9665312550b8afd5f9c7bc6957d2,24810659.61000000,115882964,
USDC,OPTIMISM,https://optimistic.etherscan.io/address/0xacd03d601e5bb1b275bb94076ff46ed9d753435a,1240424.39800000,118165411,
USDC,RON,https://app.roninchain.com/address/0xb32e9a84ae0b55b8ab715e4ac793a61b277bafa3,2807863.54000000,33366583,
USDC,SOL,https://solscan.io/account/2ojv9BAiHUrvsm9gxDe7fJSzbNZSJcxZvf8dqmWGHG8S,3.87300000,257633888,
USDC,SOL,https://solscan.io/account/5tzFkiKscXHK5ZXCGbXZxdw7gTjjD1mBwuoFbhUvuAi9,10347125.43000000,257633888,
USDC,SOL,https://solscan.io/account/9WzDXwBbmkg8ZTbNMqUxvQRAyrZzDsGYdLVL9zYtAWWM,0,257633888,
USDC,TRX,https://tronscan.org/#/address/TDqSquXBgUCLYvYC4XZgrprLK589dkhSCf,825086.51100000,60429438,
USDC,TRX,https://tronscan.org/#/address/TKoMMAMrDCUY212N6M4pzmYABtgkgo7XZn,656550.80600000,60429438,Ceffu
USDC,TRX,https://tronscan.org/#/address/TNXoiAJ3dct8Fjg4M9fkLFh9S2v9TXc32G,6.80500000,60429438,
USDC,TRX,https://tronscan.org/#/address/TVGDpgtCs45PJE7ZMHhiC76L3v77qAwJW9,6873961.10500000,60429438,Ceffu
USDC,XLM,https://stellar.expert/explorer/public/account/GBAIA5U6E3FSRUW55AXACIVGX2QR5JYAS74OWLED3S22EGXVYEHPLGPA,30014366.22000000,51038038,
USDC,XLM,https://stellar.expert/explorer/public/account/GC5LF63GRVIT5ZXXCXLPI3RX2YXKJQFZVBSAO6AUELN3YIMSWPD6Z6FH,13873840.17000000,51038038,
USDT,ARBITRUM,https://arbiscan.io/address/0xb38e8c17e38363af6ebdcb3dae12e0243582891d,105285111.20000000,196288428,
USDT,ARBITRUM,https://arbiscan.io/address/0xf977814e90da44bfa03b6295a0616a897441acec,1571570590.00000000,196288428,
USDT,AVAXC,https://snowtrace.io/address/0x4aefa39caeadd662ae31ab0ce7c8c2c9c0a013e8,263588134.10000000,43625987,
USDT,AVAXC,https://snowtrace.io/address/0x5a52e96bacdabb82fd05763e25335261b270efcb,169037320.50000000,43625987,
USDT,AVAXC,https://snowtrace.io/address/0x9f8c163cba728e99993abe7495f06c0a3c8ac8b9,101211893.30000000,43625987,
USDT,BNB,https://explorer.bnbchain.org/address/bnb1fnd0k5l4p3ck2j9x9dp36chk059w977pszdgdz,48450.87800000,372815436,
USDT,BNB,https://explorer.bnbchain.org/address/bnb1lsmt5a8vqqus5fwslx8pyyemgjtg4y6ugj308t,7408798.67400000,372815436,
USDT,BNB,https://explorer.bnbchain.org/address/bnb1m5amny2gs3xdyta6pksmr43zu4727w24syyks7,0,372815436,
USDT,BNB,https://explorer.bnbchain.org/address/bnb1u2agwjat20494fmc6jnuau0ls937cfjn4pjwtn,2252907.39300000,372815436,
USDT,BNB,https://explorer.bnbchain.org/address/bnb1xrfwzlu9c5208lhtn7ywt0mjrhjh4nt4fjyqxy,0,372815436,
USDT,BSC,https://bscscan.com/address/0x01c952174c24e1210d26961d456a77a39e1f0bb0,0,37463959,
USDT,BSC,https://bscscan.com/address/0x0e4158c85ff724526233c1aeb4ff6f0c46827fbe,12148746.33000000,37463959,Ceffu
USDT,BSC,https://bscscan.com/address/0x161ba15a5f335c9f06bb5bbb0a9ce14076fbb645,10116553.36000000,37463959,
USDT,BSC,https://bscscan.com/address/0x1fbe2acee135d991592f167ac371f3dd893a508b,0,37463959,
USDT,BSC,https://bscscan.com/address/0x29bdfbf7d27462a2d115748ace2bd71a2646946c,0,37463959,
USDT,BSC,https://bscscan.com/address/0x3c783c21a0383057d128bae431894a5c19f9cf06,0,37463959,
USDT,BSC,https://bscscan.com/address/0x515b72ed8a97f42c568d6a143232775018f133c8,12604350.43000000,37463959,
USDT,BSC,https://bscscan.com/address/0x5a52e96bacdabb82fd05763e25335261b270efcb,0,37463959,
USDT,BSC,https://bscscan.com/address/0x73f5ebe90f27b46ea12e5795d16c4b408b19cc6f,0,37463959,
USDT,BSC,https://bscscan.com/address/0x8894e0a0c962cb723c1976a4421c95949be2d4e3,11969005.59000000,37463959,
USDT,BSC,https://bscscan.com/address/0xa180fe01b906a1be37be6c534a3300785b20d947,8183024.87700000,37463959,
USDT,BSC,https://bscscan.com/address/0xbd612a3f30dca67bf60a39fd0d35e39b7ab80774,13703582.13000000,37463959,
USDT,BSC,https://bscscan.com/address/0xbe0eb53f46cd790cd13851d5eff43d12404d33e8,11.73000000,37463959,
USDT,BSC,https://bscscan.com/address/0xd3a22590f8243f8e83ac230d1842c9af0404c4a1,18525923.30000000,37463959,Ceffu
USDT,BSC,https://bscscan.com/address/0xdccf3b77da55107280bd850ea519df3705d1a75a,0,37463959,
USDT,BSC,https://bscscan.com/address/0xe2fc31f816a9b94326492132018c3aecc4a93ae1,8713393.38600000,37463959,
USDT,BSC,https://bscscan.com/address/0xeb2d2f1b8c558a40207669291fda468e50c8a0bb,12125789.73000000,37463959,
USDT,BSC,https://bscscan.com/address/0xf977814e90da44bfa03b6295a0616a897441acec,2709.07300000,37463959,
USDT,ETH,https://etherscan.io/address/0x21a31ee1afc51d94c2efccaa2092ad1028285549,133180860.20000000,19557288,
USDT,ETH,https://etherscan.io/address/0x28c6c06298d514db089934071355e5743bf21d60,2048511667.00000000,19557288,
USDT,ETH,https://etherscan.io/address/0x4a9e49a45a4b2545cb177f79c7381a30e1dc261f,8000012.00100000,19557288,Ceffu
USDT,ETH,https://etherscan.io/address/0x56eddb7aa87536c09ccc2793473599fd21a8b17f,146949244.60000000,19557288,
USDT,ETH,https://etherscan.io/address/0x5a52e96bacdabb82fd05763e25335261b270efcb,1000000000.00000000,19557288,
USDT,ETH,https://etherscan.io/address/0x9696f59e4d72e237be84ffd425dcad154bf96976,149299289.10000000,19557288,
USDT,ETH,https://etherscan.io/address/0xa7c0d36c4698981fab42a7d8c783674c6fe2592d,600000000.00000000,19557288,
USDT,ETH,https://etherscan.io/address/0xbe0eb53f46cd790cd13851d5eff43d12404d33e8,162.00000000,19557288,
USDT,ETH,https://etherscan.io/address/0xd3a22590f8243f8e83ac230d1842c9af0404c4a1,175051881.00000000,19557288,Ceffu
USDT,ETH,https://etherscan.io/address/0xdfd5293d8e347dfe59e90efd55b2956a1343963d,147917002.00000000,19557288,
USDT,ETH,https://etherscan.io/address/0xf977814e90da44bfa03b6295a0616a897441acec,3000000000.00000000,19557288,
USDT,MATIC,https://polygonscan.com/address/0x5a52e96bacdabb82fd05763e25335261b270efcb,15000000.00000000,55304250,
USDT,MATIC,https://polygonscan.com/address/0xd3a22590f8243f8e83ac230d1842c9af0404c4a1,24.50000000,55304250,Ceffu
USDT,MATIC,https://polygonscan.com/address/0xe7804c37c13166ff0b37f5ae0bb07a3aebb6e245,19500850.36000000,55304250,
USDT,MATIC,https://polygonscan.com/address/0xf977814e90da44bfa03b6295a0616a897441acec,290807016.30000000,55304250,
USDT,OPBNB,https://opbnbscan.com/address/0xf977814e90da44bfa03b6295a0616a897441acec,10000000.00000000,20175877,
USDT,OPTIMISM,https://optimistic.etherscan.io/address/0xacd03d601e5bb1b275bb94076ff46ed9d753435a,48653321.57000000,118165411,
USDT,OPTIMISM,https://optimistic.etherscan.io/address/0xf977814e90da44bfa03b6295a0616a897441acec,310611442.10000000,118165411,
USDT,SOL,https://solscan.io/account/2ojv9BAiHUrvsm9gxDe7fJSzbNZSJcxZvf8dqmWGHG8S,5.00000000,257633888,
USDT,SOL,https://solscan.io/account/5tzFkiKscXHK5ZXCGbXZxdw7gTjjD1mBwuoFbhUvuAi9,111233319.30000000,257633888,
USDT,SOL,https://solscan.io/account/9WzDXwBbmkg8ZTbNMqUxvQRAyrZzDsGYdLVL9zYtAWWM,224679947.90000000,257633888,
USDT,TRX,https://tronscan.org/#/address/TAzsQ9Gx8eqFNFSKbeXrbi45CuVPHzA8wr,325870699.50000000,60429438,
USDT,TRX,https://tronscan.org/#/address/TDqSquXBgUCLYvYC4XZgrprLK589dkhSCf,214744985.50000000,60429438,
USDT,TRX,https://tronscan.org/#/address/TJCo98saj6WND61g1uuKwJ9GMWMT9WkJFo,612314648.70000000,60429438,
USDT,TRX,https://tronscan.org/#/address/TJDENsfBJs4RFETt1X1W8wMDc8M5XnJhCe,78366508.80000000,60429438,
USDT,TRX,https://tronscan.org/#/address/TKoMMAMrDCUY212N6M4pzmYABtgkgo7XZn,4491168.49600000,60429438,Ceffu
USDT,TRX,https://tronscan.org/#/address/TMuA6YqfCeX8EhbfYEg5y7S4DqzSJireY9,3999333229.00000000,60429438,
USDT,TRX,https://tronscan.org/#/address/TMwf7KT8CCdUKuZfKNPTTjbYkFb3eGRbzY,2820779527.00000000,60429438,
USDT,TRX,https://tronscan.org/#/address/TNXoiAJ3dct8Fjg4M9fkLFh9S2v9TXc32G,227388967.30000000,60429438,
USDT,TRX,https://tronscan.org/#/address/TQrY8tryqsYVCYS3MFbtffiPp2ccyn4STm,120181020.80000000,60429438,
USDT,TRX,https://tronscan.org/#/address/TRGCqsUXeynKTgynp2j9g3sg7Nux2KtB3u,550000000.00000000,60429438,
USDT,TRX,https://tronscan.org/#/address/TVGDpgtCs45PJE7ZMHhiC76L3v77qAwJW9,4855724.71700000,60429438,Ceffu
USDT,TRX,https://tronscan.org/#/address/TWd4WrZ9wn84f5x1hZhL4DHvk738ns5jwb,4291138405.00000000,60429438,
USDT,TRX,https://tronscan.org/#/address/TYASr5UV6HEcXatwdFQfmLVUqQQQMUxHLS,84014939.73000000,60429438,
WRX,BNB,https://explorer.bnbchain.org/address/bnb142q467df6jun6rt5u2ar58sp47hm5f9wvz2cvg,0,372815436,
WRX,BNB,https://explorer.bnbchain.org/address/bnb1fnd0k5l4p3ck2j9x9dp36chk059w977pszdgdz,2587937.04300000,372815436,
WRX,BNB,https://explorer.bnbchain.org/address/bnb1lsmt5a8vqqus5fwslx8pyyemgjtg4y6ugj308t,25691764.24000000,372815436,
WRX,BNB,https://explorer.bnbchain.org/address/bnb1u2agwjat20494fmc6jnuau0ls937cfjn4pjwtn,212073587.00000000,372815436,
WRX,BSC,https://bscscan.com/address/0x8894e0a0c962cb723c1976a4421c95949be2d4e3,900825.76100000,37463959,
WRX,BSC,https://bscscan.com/address/0xe2fc31f816a9b94326492132018c3aecc4a93ae1,222009.17500000,37463959,
WRX,ETH,https://etherscan.io/address/0x21a31ee1afc51d94c2efccaa2092ad1028285549,3333.00000000,19557288,
WRX,ETH,https://etherscan.io/address/0x28c6c06298d514db089934071355e5743bf21d60,7379.49000000,19557288,
WRX,ETH,https://etherscan.io/address/0xdfd5293d8e347dfe59e90efd55b2956a1343963d,2380.00000000,19557288,
WRX,ETH,https://etherscan.io/address/0xf977814e90da44bfa03b6295a0616a897441acec,9030487.00000000,19557288,
XRP,BNB,https://explorer.bnbchain.org/address/bnb1fnd0k5l4p3ck2j9x9dp36chk059w977pszdgdz,20529.56900000,372815436,
XRP,BNB,https://explorer.bnbchain.org/address/bnb1lsmt5a8vqqus5fwslx8pyyemgjtg4y6ugj308t,4347483.00000000,372815436,
XRP,BNB,https://explorer.bnbchain.org/address/bnb1u2agwjat20494fmc6jnuau0ls937cfjn4pjwtn,49809852.13000000,372815436,
XRP,BSC,https://bscscan.com/address/0x0e4158c85ff724526233c1aeb4ff6f0c46827fbe,897496.41400000,37463959,Ceffu
XRP,BSC,https://bscscan.com/address/0x5a52e96bacdabb82fd05763e25335261b270efcb,39300000.55000000,37463959,
XRP,BSC,https://bscscan.com/address/0x8894e0a0c962cb723c1976a4421c95949be2d4e3,1634578.20500000,37463959,
XRP,BSC,https://bscscan.com/address/0xbd612a3f30dca67bf60a39fd0d35e39b7ab80774,0,37463959,
XRP,BSC,https://bscscan.com/address/0xd3a22590f8243f8e83ac230d1842c9af0404c4a1,43.77900000,37463959,Ceffu
XRP,BSC,https://bscscan.com/address/0xe2fc31f816a9b94326492132018c3aecc4a93ae1,572502.92500000,37463959,
XRP,BSC,https://bscscan.com/address/0xeb2d2f1b8c558a40207669291fda468e50c8a0bb,0,37463959,
XRP,BSC,https://bscscan.com/address/0xf977814e90da44bfa03b6295a0616a897441acec,50151832.59000000,37463959,
XRP,ETH,https://etherscan.io/address/0x21a31ee1afc51d94c2efccaa2092ad1028285549,6430.47500000,19557288,
XRP,ETH,https://etherscan.io/address/0x28c6c06298d514db089934071355e5743bf21d60,58375.17200000,19557288,
XRP,ETH,https://etherscan.io/address/0xdfd5293d8e347dfe59e90efd55b2956a1343963d,10912.24100000,19557288,
XRP,ETH,https://etherscan.io/address/0xf977814e90da44bfa03b6295a0616a897441acec,723293.57600000,19557288,
XRP,XRP,https://bithomp.com/explorer/rBtttd61FExHC68vsZ8dqmS3DfjFEceA1A,15399471.55000000,87000440,
XRP,XRP,https://bithomp.com/explorer/rDAE53VfMvftPB4ogpWGWvzkQxfht6JPxr,72161121.40000000,87000440,
XRP,XRP,https://bithomp.com/explorer/rDecw8UhrZZUiaWc91e571b3TL41MUioh7,33233748.87000000,87000440,Ceffu
XRP,XRP,https://bithomp.com/explorer/rEy8TFcrAPvhpKrwyrscNYyqBGUkE9hKaJ,1477168713.00000000,87000440,
XRP,XRP,https://bithomp.com/explorer/rNU4eAowPuixS5ZCWaRL72UUeKgxcKExpK,11066438.42000000,87000440,
XRP,XRP,https://bithomp.com/explorer/rP3mUZyCDzZkTSd1VHoBbFt8HGm8fyq8qV,257281646.80000000,87000440,
XRP,XRP,https://bithomp.com/explorer/rPJ5GFpyDLv7gqeB1uZVUBwDwi41kaXN5A,135687827.90000000,87000440,
XRP,XRP,https://bithomp.com/explorer/rPz2qA93PeRCyHyFCqyNggnyycJR1N4iNf,146203744.70000000,87000440,
XRP,XRP,https://bithomp.com/explorer/rpmxpWis42eYV4oMhyxJNSzrLRdacJVooa,9071785.86300000,87000440,Ceffu
XRP,XRP,https://bithomp.com/explorer/rs8ZPbYqgecRcDzQpJYAMhSxSi5htsjnza,908447138.40000000,87000440,