coin,network,address
BTC,BNB,https://explorer.bnbchain.org/address/bnb1fnd0k5l4p3ck2j9x9dp36chk059w977pszdgdz
BTC,BNB,https://explorer.bnbchain.org/address/bnb1lsmt5a8vqqus5fwslx8pyyemgjtg4y6ugj308t
BTC,BNB,https://explorer.bnbchain.org/address/bnb1u2agwjat20494fmc6jnuau0ls937cfjn4pjwtn
BTC,BSC,https://bscscan.com/address/0x8894e0a0c962cb723c1976a4421c95949be2d4e3
BTC,BSC,https://bscscan.com/address/0xe2fc31f816a9b94326492132018c3aecc4a93ae1
BTC,BSC,https://bscscan.com/address/0xf977814e90da44bfa03b6295a0616a897441acec
BTC,BTC,https://explorer.btc.com/btc/search/1PJiGp2yDLvUgqeBsuZVCBADArNsk6XEiw
BTC,BTC,https://explorer.btc.com/btc/search/1Pzaqw98PeRfyHypfqyEgg5yycJRsENrE7
BTC,BTC,https://explorer.btc.com/btc/search/34GUzCVLbdkMQ2UdVTaA4nxPwoovVS7y2J
BTC,BTC,https://explorer.btc.com/btc/search/34HpHYiyQwg69gFmCq2BGHjF1DZnZnBeBP
BTC,BTC,https://explorer.btc.com/btc/search/34xp4vRoCGJym3xR7yCVPFHoCNxv4Twseo
BTC,BTC,https://explorer.btc.com/btc/search/36zSLdRv1jyewjaC12fqK5fptn7PqewunL
BTC,BTC,https://explorer.btc.com/btc/search/38DN2uFMZPiHLHJigfv4kWC9JWJrNnhLcn
BTC,BTC,https://explorer.btc.com/btc/search/38Xnrq8MZiKmYmwobbYdZQ5nnCbX1qvQfE
BTC,BTC,https://explorer.btc.com/btc/search/395vnFScKQ1ay695C6v7gf89UzoFpx3WuJ
BTC,BTC,https://explorer.btc.com/btc/search/39884E3j6KZj82FK4vcCrkUvWYL5MQaS3v
BTC,BTC,https://explorer.btc.com/btc/search/3AeUiDpPPUrUBS377584sFCpx8KLfpX9Ry
BTC,BTC,https://explorer.btc.com/btc/search/3AtnehKDkFPC1bKvdrEVPSRGCtxQH8F1R8
BTC,BTC,https://explorer.btc.com/btc/search/3CySuFKbBS29M7rE5iJakZRNqb3msMeFoN
BTC,BTC,https://explorer.btc.com/btc/search/3EVVc8e2rxwUuERtdJCduWig8DnpsUqyA6
BTC,BTC,https://explorer.btc.com/btc/search/3FHNBLobJnbCTFTVakh5TXmEneyf5PT61B
BTC,BTC,https://explorer.btc.com/btc/search/3HdGoUTbcztBnS7UzY4vSPYhwr424CiWAA
BTC,BTC,https://explorer.btc.com/btc/search/3JFJPpH8Chwo7CDbyYQ4XcfgcjEP1FGRMJ
BTC,BTC,https://explorer.btc.com/btc/search/3JJmF63ifcamPLiAmLgG96RA599yNtY3EQ
BTC,BTC,https://explorer.btc.com/btc/search/3LQUu4v9z6KNch71j7kbj8GPeAGUo1FW6a
BTC,BTC,https://explorer.btc.com/btc/search/3LcgLHzTvjLKBixBvkKGiadtiw2GBSKKqH
BTC,BTC,https://explorer.btc.com/btc/search/3LtrsjtyLsHoG8WQMe2RFw3de4pLTQZNcY
BTC,BTC,https://explorer.btc.com/btc/search/3M219KR5vEneNb47ewrPfWyb5jQ2DjxRP6
BTC,BTC,https://explorer.btc.com/btc/search/3Me9QACjioepv2L2oKTC9QQ87NH6vFe1Zj
BTC,BTC,https://explorer.btc.com/btc/search/3NXCvmLGz9SxYi6TnjbBQfQMcwiZ1iQETa
BTC,BTC,https://explorer.btc.com/btc/search/3NjHh71XgjikBoTNYdWgXiNeZcLaKNThgb
BTC,BTC,https://explorer.btc.com/btc/search/3Qxak1CZhLyZ7GVckKphLURdLBCjMfz9bA
BTC,BTC,https://explorer.btc.com/btc/search/bc1qm34lsc65zpw79lxes69zkqmk6ee3ewf0j77s3h
BTC,ETH,https://etherscan.io/address/0x21a31ee1afc51d94c2efccaa2092ad1028285549
BTC,ETH,https://etherscan.io/address/0x28c6c06298d514db089934071355e5743bf21d60
BTC,ETH,https://etherscan.io/address/0xdfd5293d8e347dfe59e90efd55b2956a1343963d
BTC,ETH,https://etherscan.io/address/0xf977814e90da44bfa03b6295a0616a897441acec
BUSD,AVAXC,https://snowtrace.io/address/0x4aefa39caeadd662ae31ab0ce7c8c2c9c0a013e8
BUSD,AVAXC,https://snowtrace.io/address/0x9f8c163cba728e99993abe7495f06c0a3c8ac8b9
BUSD,BNB,https://explorer.bnbchain.org/address/bnb1fnd0k5l4p3ck2j9x9dp36chk059w977pszdgdz
BUSD,BNB,https://explorer.bnbchain.org/address/bnb1m5amny2gs3xdyta6pksmr43zu4727w24syyks7
BUSD,BNB,https://explorer.bnbchain.org/address/bnb1u2agwjat20494fmc6jnuau0ls937cfjn4pjwtn
BUSD,BNB,https://explorer.bnbchain.org/address/bnb1xrfwzlu9c5208lhtn7ywt0mjrhjh4nt4fjyqxy
BUSD,BSC,https://bscscan.com/address/0x01c952174c24e1210d26961d456a77a39e1f0bb0
BUSD,BSC,https://bscscan.com/address/0x161ba15a5f335c9f06bb5bbb0a9ce14076fbb645
BUSD,BSC,https://bscscan.com/address/0x1fbe2acee135d991592f167ac371f3dd893a508b
BUSD,BSC,https://bscscan.com/address/0x29bdfbf7d27462a2d115748ace2bd71a2646946c
BUSD,BSC,https://bscscan.com/address/0x3c783c21a0383057d128bae431894a5c19f9cf06
BUSD,BSC,https://bscscan.com/address/0x515b72ed8a97f42c568d6a143232775018f133c8
BUSD,BSC,https://bscscan.com/address/0x5a52e96bacdabb82fd05763e25335261b270efcb
BUSD,BSC,https://bscscan.com/address/0x73f5ebe90f27b46ea12e5795d16c4b408b19cc6f
BUSD,BSC,https://bscscan.com/address/0x8894e0a0c962cb723c1976a4421c95949be2d4e3
BUSD,BSC,https://bscscan.com/address/0xa180fe01b906a1be37be6c534a3300785b20d947
BUSD,BSC,https://bscscan.com/address/0xbd612a3f30dca67bf60a39fd0d35e39b7ab80774
BUSD,BSC,https://bscscan.com/address/0xdccf3b77da55107280bd850ea519df3705d1a75a
BUSD,BSC,https://bscscan.com/address/0xe2fc31f816a9b94326492132018c3aecc4a93ae1
BUSD,BSC,https://bscscan.com/address/0xeb2d2f1b8c558a40207669291fda468e50c8a0bb
BUSD,BSC,https://bscscan.com/address/0xf977814e90da44bfa03b6295a0616a897441acec
BUSD,ETH,https://etherscan.io/address/0x21a31ee1afc51d94c2efccaa2092ad1028285549
BUSD,ETH,https://etherscan.io/address/0x28c6c06298d514db089934071355e5743bf21d60
BUSD,ETH,https://etherscan.io/address/0x9696f59e4d72e237be84ffd425dcad154bf96976
BUSD,ETH,https://etherscan.io/address/0xdfd5293d8e347dfe59e90efd55b2956a1343963d
BUSD,ETH,https://etherscan.io/address/0xf977814e90da44bfa03b6295a0616a897441acec
BUSD,MATIC,https://polygonscan.com/address/0xe7804c37c13166ff0b37f5ae0bb07a3aebb6e245
BUSD,OPTIMISM,https://optimistic.etherscan.io/address/0xF977814e90dA44bFA03b6295A0616a897441aceC
BUSD,OPTIMISM,https://optimistic.etherscan.io/address/0xacd03d601e5bb1b275bb94076ff46ed9d753435a
BUSD,TRX,https://tronscan.org/#/address/TDqSquXBgUCLYvYC4XZgrprLK589dkhSCf
BUSD,TRX,https://tronscan.org/#/address/TNXoiAJ3dct8Fjg4M9fkLFh9S2v9TXc32G
BUSD,TRX,https://tronscan.org/#/address/TWd4WrZ9wn84f5x1hZhL4DHvk738ns5jwb
FDUSD,BSC,https://bscscan.com/address/0x5a52e96bacdabb82fd05763e25335261b270efcb
FDUSD,BSC,https://bscscan.com/address/0x835678a611B28684005a5e2233695fB6cbbB0007
FDUSD,BSC,https://bscscan.com/address/0x8894e0a0c962cb723c1976a4421c95949be2d4e3
FDUSD,BSC,https://bscscan.com/address/0xe2fc31f816a9b94326492132018c3aecc4a93ae1
FDUSD,BSC,https://bscscan.com/address/0xf977814e90da44bfa03b6295a0616a897441acec
FDUSD,ETH,https://etherscan.io/address/0x21a31ee1afc51d94c2efccaa2092ad1028285549
FDUSD,ETH,https://etherscan.io/address/0x28c6c06298d514db089934071355e5743bf21d60
FDUSD,ETH,https://etherscan.io/address/0x5a52e96bacdabb82fd05763e25335261b270efcb
FDUSD,ETH,https://etherscan.io/address/0x835678a611B28684005a5e2233695fB6cbbB0007
FDUSD,ETH,https://etherscan.io/address/0xdfd5293d8e347dfe59e90efd55b2956a1343963d
FDUSD,ETH,https://etherscan.io/address/0xf977814e90da44bfa03b6295a0616a897441acec
TUSD,BNB,https://explorer.bnbchain.org/address/bnb1fnd0k5l4p3ck2j9x9dp36chk059w977pszdgdz
TUSD,BSC,https://bscscan.com/address/0x8894e0a0c962cb723c1976a4421c95949be2d4e3
TUSD,BSC,https://bscscan.com/address/0xe2fc31f816a9b94326492132018c3aecc4a93ae1
TUSD,BSC,https://bscscan.com/address/0xf977814e90da44bfa03b6295a0616a897441acec
TUSD,ETH,https://etherscan.io/address/0x21a31ee1afc51d94c2efccaa2092ad1028285549
TUSD,ETH,https://etherscan.io/address/0x28c6c06298d514db089934071355e5743bf21d60
TUSD,ETH,https://etherscan.io/address/0xdfd5293d8e347dfe59e90efd55b2956a1343963d
TUSD,ETH,https://etherscan.io/address/0xf977814e90da44bfa03b6295a0616a897441acec
TUSD,TRX,https://tronscan.org/#/address/TDqSquXBgUCLYvYC4XZgrprLK589dkhSCf
TUSD,TRX,https://tronscan.org/#/address/TNXoiAJ3dct8Fjg4M9fkLFh9S2v9TXc32G
TUSD,TRX,https://tronscan.org/#/address/TWd4WrZ9wn84f5x1hZhL4DHvk738ns5jwb
USDT,ARBITRUM,https://arbiscan.io/address/0xb38e8c17e38363af6ebdcb3dae12e0243582891d
USDT,ARBITRUM,https://arbiscan.io/address/0xf977814e90da44bfa03b6295a0616a897441acec
USDT,AVAXC,https://snowtrace.io/address/0x4aefa39caeadd662ae31ab0ce7c8c2c9c0a013e8
USDT,AVAXC,https://snowtrace.io/address/0x9f8c163cba728e99993abe7495f06c0a3c8ac8b9
USDT,BNB,https://explorer.bnbchain.org/address/bnb1fnd0k5l4p3ck2j9x9dp36chk059w977pszdgdz
USDT,BNB,https://explorer.bnbchain.org/address/bnb1lsmt5a8vqqus5fwslx8pyyemgjtg4y6ugj308t
USDT,BNB,https://explorer.bnbchain.org/address/bnb1m5amny2gs3xdyta6pksmr43zu4727w24syyks7
USDT,BNB,https://explorer.bnbchain.org/address/bnb1u2agwjat20494fmc6jnuau0ls937cfjn4pjwtn
USDT,BNB,https://explorer.bnbchain.org/address/bnb1xrfwzlu9c5208lhtn7ywt0mjrhjh4nt4fjyqxy
USDT,BSC,https://bscscan.com/address/0x01c952174c24e1210d26961d456a77a39e1f0bb0
USDT,BSC,https://bscscan.com/address/0x161ba15a5f335c9f06bb5bbb0a9ce14076fbb645
USDT,BSC,https://bscscan.com/address/0x1fbe2acee135d991592f167ac371f3dd893a508b
USDT,BSC,https://bscscan.com/address/0x29bdfbf7d27462a2d115748ace2bd71a2646946c
USDT,BSC,https://bscscan.com/address/0x3c783c21a0383057d128bae431894a5c19f9cf06
USDT,BSC,https://bscscan.com/address/0x515b72ed8a97f42c568d6a143232775018f133c8
USDT,BSC,https://bscscan.com/address/0x73f5ebe90f27b46ea12e5795d16c4b408b19cc6f
USDT,BSC,https://bscscan.com/address/0x8894e0a0c962cb723c1976a4421c95949be2d4e3
USDT,BSC,https://bscscan.com/address/0xBE0eB53F46cd790Cd13851d5EFf43D12404d33E8
USDT,BSC,https://bscscan.com/address/0xa180fe01b906a1be37be6c534a3300785b20d947
USDT,BSC,https://bscscan.com/address/0xbd612a3f30dca67bf60a39fd0d35e39b7ab80774
USDT,BSC,https://bscscan.com/address/0xdccf3b77da55107280bd850ea519df3705d1a75a
USDT,BSC,https://bscscan.com/address/0xe2fc31f816a9b94326492132018c3aecc4a93ae1
USDT,BSC,https://bscscan.com/address/0xeb2d2f1b8c558a40207669291fda468e50c8a0bb
USDT,BSC,https://bscscan.com/address/0xf977814e90da44bfa03b6295a0616a897441acec
USDT,ETH,https://etherscan.io/address/0x21a31ee1afc51d94c2efccaa2092ad1028285549
USDT,ETH,https://etherscan.io/address/0x28c6c06298d514db089934071355e5743bf21d60
USDT,ETH,https://etherscan.io/address/0x56eddb7aa87536c09ccc2793473599fd21a8b17f
USDT,ETH,https://etherscan.io/address/0x9696f59e4d72e237be84ffd425dcad154bf96976
USDT,ETH,https://etherscan.io/address/0xbe0eb53f46cd790cd13851d5eff43d12404d33e8
USDT,ETH,https://etherscan.io/address/0xdfd5293d8e347dfe59e90efd55b2956a1343963d
USDT,ETH,https://etherscan.io/address/0xf977814e90da44bfa03b6295a0616a897441acec
USDT,MATIC,https://polygonscan.com/address/0x5a52E96BAcdaBb82fd05763E25335261B270Efcb
USDT,MATIC,https://polygonscan.com/address/0xe7804c37c13166ff0b37f5ae0bb07a3aebb6e245
USDT,MATIC,https://polygonscan.com/address/0xf977814e90da44bfa03b6295a0616a897441acec
USDT,OPTIMISM,https://optimistic.etherscan.io/address/0xF977814e90dA44bFA03b6295A0616a897441aceC
USDT,OPTIMISM,https://optimistic.etherscan.io/address/0xacd03d601e5bb1b275bb94076ff46ed9d753435a
USDT,SOL,https://solscan.io/account/2ojv9BAiHUrvsm9gxDe7fJSzbNZSJcxZvf8dqmWGHG8S
USDT,SOL,https://solscan.io/account/5tzFkiKscXHK5ZXCGbXZxdw7gTjjD1mBwuoFbhUvuAi9
USDT,SOL,https://solscan.io/account/9WzDXwBbmkg8ZTbNMqUxvQRAyrZzDsGYdLVL9zYtAWWM
USDT,TRX,https://tronscan.org/#/address/TAzsQ9Gx8eqFNFSKbeXrbi45CuVPHzA8wr
USDT,TRX,https://tronscan.org/#/address/TDqSquXBgUCLYvYC4XZgrprLK589dkhSCf
USDT,TRX,https://tronscan.org/#/address/TJCo98saj6WND61g1uuKwJ9GMWMT9WkJFo
USDT,TRX,https://tronscan.org/#/address/TJDENsfBJs4RFETt1X1W8wMDc8M5XnJhCe
USDT,TRX,https://tronscan.org/#/address/TMuA6YqfCeX8EhbfYEg5y7S4DqzSJireY9
USDT,TRX,https://tronscan.org/#/address/TMwf7KT8CCdUKuZfKNPTTjbYkFb3eGRbzY
USDT,TRX,https://tronscan.org/#/address/TNXoiAJ3dct8Fjg4M9fkLFh9S2v9TXc32G
USDT,TRX,https://tronscan.org/#/address/TQrY8tryqsYVCYS3MFbtffiPp2ccyn4STm
USDT,TRX,https://tronscan.org/#/address/TWd4WrZ9wn84f5x1hZhL4DHvk738ns5jwb
USDT,TRX,https://tronscan.org/#/address/TYASr5UV6HEcXatwdFQfmLVUqQQQMUxHLS
BTC,BSC,https://bscscan.com/address/0x5a52e96bacdabb82fd05763e25335261b270efcb
BTC,BTC,https://explorer.btc.com/btc/search/32bhzEniykYRFADVaRM5PYswsjC23cxtes
BTC,BTC,https://explorer.btc.com/btc/search/3JqPhvKkAPcFB3oLELBT7z2tQdjpnxuDi9
BTC,BTC,https://explorer.btc.com/btc/search/3NPL82eaehTFh4r3StpHqVQBTnZJFaGsyy
USDT,BSC,https://bscscan.com/address/0x5a52e96bacdabb82fd05763e25335261b270efcb
BTC,BNB,https://explorer.bnbchain.org/address/bnb17jky4rwhu9rzgrx7exrfc3pcd5z290ga8qfm0j
BTC,BSC,https://bscscan.com/address/0x0e4158c85ff724526233c1aeb4ff6f0c46827fbe
BTC,BSC,https://bscscan.com/address/0xd3a22590f8243f8e83ac230d1842c9af0404c4a1
BTC,BTC,https://explorer.btc.com/btc/search/3AQ8bAh88TQU7JV1H3ovXrwsuV6s3zYZuN
BTC,BTC,https://explorer.btc.com/btc/search/3E97AjYaCq9QYnfFMtBCYiCEsN956Rvpj2
BTC,BTC,https://explorer.btc.com/btc/search/3Jy7A2rThtU9xm4o8gR3a9pvQuxXnRNuNF
BTC,BTC,https://explorer.btc.com/btc/search/bc1q32lyrhp9zpww22phqjwwmelta0c8a5q990ghs6
BTC,BTC,https://explorer.btc.com/btc/search/bc1q78ufzeu8w8fwvxuphrdlg446xhyptf28fkatu5
BTC,BTC,https://explorer.btc.com/btc/search/bc1q7t9fxfaakmtk8pj7tdxjvwsng6y9x76czuaf5h
BUSD,BSC,https://bscscan.com/address/0x0e4158c85ff724526233c1aeb4ff6f0c46827fbe
BUSD,ETH,https://etherscan.io/address/0x4a9e49a45a4b2545cb177f79c7381a30e1dc261f
FDUSD,BSC,https://bscscan.com/address/0x0e4158c85ff724526233c1aeb4ff6f0c46827fbe
FDUSD,BSC,https://bscscan.com/address/0x835678a611b28684005a5e2233695fb6cbbb0007
FDUSD,ETH,https://etherscan.io/address/0x4a9e49a45a4b2545cb177f79c7381a30e1dc261f
FDUSD,ETH,https://etherscan.io/address/0x835678a611b28684005a5e2233695fb6cbbb0007
FDUSD,ETH,https://etherscan.io/address/0xa7c0d36c4698981fab42a7d8c783674c6fe2592d
FDUSD,OPBNB,https://opbnbscan.com/address/0x001ceb373c83ae75b9f5cf78fc2aba3e185d09e2
FDUSD,OPBNB,https://opbnbscan.com/address/0xf977814e90da44bfa03b6295a0616a897441acec
TUSD,BNB,https://explorer.bnbchain.org/address/bnb1u2agwjat20494fmc6jnuau0ls937cfjn4pjwtn
USDT,AVAXC,https://snowtrace.io/address/0x5a52e96bacdabb82fd05763e25335261b270efcb
USDT,BSC,https://bscscan.com/address/0x0e4158c85ff724526233c1aeb4ff6f0c46827fbe
USDT,BSC,https://bscscan.com/address/0xbe0eb53f46cd790cd13851d5eff43d12404d33e8
USDT,BSC,https://bscscan.com/address/0xd3a22590f8243f8e83ac230d1842c9af0404c4a1
USDT,ETH,https://etherscan.io/address/0x4a9e49a45a4b2545cb177f79c7381a30e1dc261f
USDT,ETH,https://etherscan.io/address/0x5a52e96bacdabb82fd05763e25335261b270efcb
USDT,ETH,https://etherscan.io/address/0xa7c0d36c4698981fab42a7d8c783674c6fe2592d
USDT,ETH,https://etherscan.io/address/0xd3a22590f8243f8e83ac230d1842c9af0404c4a1
USDT,MATIC,https://polygonscan.com/address/0x5a52e96bacdabb82fd05763e25335261b270efcb
USDT,MATIC,https://polygonscan.com/address/0xd3a22590f8243f8e83ac230d1842c9af0404c4a1
USDT,OPBNB,https://opbnbscan.com/address/0xf977814e90da44bfa03b6295a0616a897441acec
USDT,OPTIMISM,https://optimistic.etherscan.io/address/0xf977814e90da44bfa03b6295a0616a897441acec
USDT,TRX,https://tronscan.org/#/address/TKoMMAMrDCUY212N6M4pzmYABtgkgo7XZn
USDT,TRX,https://tronscan.org/#/address/TRGCqsUXeynKTgynp2j9g3sg7Nux2KtB3u
USDT,TRX,https://tronscan.org/#/address/TVGDpgtCs45PJE7ZMHhiC76L3v77qAwJW9
FDUSD,BSC,https://bscscan.com/address/0xd3a22590f8243f8e83ac230d1842c9af0404c4a1
FDUSD,ETH,https://etherscan.io/address/0xd3a22590f8243f8e83ac230d1842c9af0404c4a1
BTC,BTC,https://explorer.btc.com/btc/search/3F9CGMu7JSJnMHA8jFM2KgxuH6hhxtvENP
USDT,ARBITRUM,https://arbiscan.io/address/0x25681ab599b4e2ceea31f8b498052c53fc2d74db
USDT,ARBITRUM,https://arbiscan.io/address/0x3931dab967c3e2dbb492fe12460a66d0fe4cc857
BTC,ETH,https://etherscan.io/address/0x5a52e96bacdabb82fd05763e25335261b270efcb
TUSD,TRX,https://tronscan.org/#/address/TJCo98saj6WND61g1uuKwJ9GMWMT9WkJFo
BTC,BTC,https://explorer.btc.com/btc/search/32KqbtrRVxC6GLUJgJhVQtFTaCdq4GrgBb
BTC,BTC,https://explorer.btc.com/btc/search/3PXBET2GrTwCamkeDzKCx8DeGDyrbuGKoc
BTC,BTC,https://explorer.btc.com/btc/search/3QK5vQ9hucSg8ZC8Vizq83qEWeHFLAWMud
BTC,BSC,https://bscscan.com/address/0x08439901c2bb071cd0812ed329675c9657434083
BTC,BTC,https://explorer.btc.com/btc/search/bc1qq393eyjh8hdjvcchy0mxquhh9wx8h3kzlkchfs
BUSD,BSC,https://bscscan.com/address/0xd3a22590f8243f8e83ac230d1842c9af0404c4a1
BUSD,ETH,https://etherscan.io/address/0xd3a22590f8243f8e83ac230d1842c9af0404c4a1
FDUSD,BSC,https://bscscan.com/address/0x08439901c2bb071cd0812ed329675c9657434083
FDUSD,ETH,https://etherscan.io/address/0x3a3c006053a9b40286b9951a11be4c5808c11dc8
USDT,BSC,https://bscscan.com/address/0x08439901c2bb071cd0812ed329675c9657434083
USDT,ETH,https://etherscan.io/address/0x3a3c006053a9b40286b9951a11be4c5808c11dc8
USDT,TON,https://tonviewer.com/UQDKHZ7e70CzqdvZCC83Z4WVR8POC_ZB0J1Y4zo88G-zCSRH
USDT,TRX,https://tronscan.org/#/address/TQq26fUorctUZvrAgKg8Wz6QyYHvYd6xWK
